"host_id",count
"i-0c544111229494ac6",694
"i-0d4164deb55a67c74",694
"i-043a40d9e29cfaa70",691
"i-0d5388b1ad2b47341",691
"i-0d2f314a25c4669a6",689
"i-0c49cdd3ef3b09c14",688
"i-051271c75b3f3c172",687
"i-05eb5abbf62174b11",687
"i-06ea0bda290be6d49",687
"i-0f61b5a809393862c",687
"i-0a34695e75ec7aa91",686
"i-063297b41eae7c7ab",685
"i-0c70948e6c5cdd489",685
"i-0d011b1546a5d52db",685
"i-0de4ce2c21e9e0a75",685
"i-03da92c9e892485ea",684
"i-061575d2ec9083237",684
"i-0ba23af96a4ec0d33",684
"i-00a3a4b6956cf3d68",683
"i-085afa348f8257060",683
"i-088feb3ff490f87a2",683
"i-09fec3cb468d1cec4",683
"i-0e2e19e4107f6e3b7",683
"i-0fd5f0b24993e8aae",683
"i-0561348e1907dc562",682
"i-0619d60baf85d2478",682
"i-085756d3b88124436",682
"i-0371ff44b0e6f5129",681
"i-057be519e59ccf32f",681
"i-0654e972d691fc5d1",681
"i-0898709bf175b3e22",681
"i-0c78bdfe8cb29af6e",681
"i-012fa2bbcf1a4715b",680
"i-0186678f27f18d157",680
"i-03b2bc85abfb31a05",680
"i-083699acf342742df",680
"i-0df1c7105f45b9370",680
"i-0156736a22195e5b0",679
"i-027652e2bbedd9dc6",679
"i-03495a6f0ef4adb9c",679
"i-06c5bff946ce53ac8",679
"i-08decc690c01e395f",679
"i-0916c616d09756872",679
"i-0ace3d3787c3a208c",679
"i-0cfe5b046e78b0a80",679
"i-0e499a366eecdc9ac",679
"i-0f10efa87a1cd008f",679
"i-03a8677d3048fd727",678
"i-08fa4272626fb5d4c",678
"i-0cf759cd599ed5cce",678
"i-0dcff2b27e1d4c9df",678
"i-0016277d1ca7ced1e",677
"i-0066ebaa333730059",677
"i-0227eecc8416be152",677
"i-027a6441f1c09e8cd",677
"i-03b4305dcf506aeb1",677
"i-049eb97bde0a2dcf6",677
"i-073d4835f8e2930cd",677
"i-0792d42acfda2bee7",677
"i-07a7563f8b841fde1",677
"i-0875734aac50cf967",677
"i-09f09b14a53b04592",677
"i-0b290f717a13ae75a",677
"i-0b9e442a3e0d888b2",677
"i-0c27a655ad14be4de",677
"i-0c33e8c2ed60099a9",677
"i-0fcb0d7a3ae8f784b",677
"i-00317b96ea660d9c0",676
"i-02917c165ca5913a0",676
"i-02d195736183b1ed2",676
"i-02d1fcfeab0215479",676
"i-02eae3f1bfc1ea92b",676
"i-05d215f3cefa0f408",676
"i-063a9486b01f92a10",676
"i-086fab95476495d10",676
"i-0872ef79cf16257ff",676
"i-0931dab9380037f6e",676
"i-0bad1b0a673aed70c",676
"i-0c41cce8c4299586b",676
"i-0d8f61c2acdd13a17",676
"i-0e837c1a609b1b6f4",676
"i-0f7568294bf718084",676
"i-03ed4c6cc6f20b504",675
"i-049078aa6b2e001d3",675
"i-051873111fb1570dc",675
"i-07ddc8423793bc64e",675
"i-081d3caedb2dcbffd",675
"i-08a4787dc53133ba4",675
"i-0ab27f8dedecea843",675
"i-0ca5bd96c54ac358c",675
"i-0caec186fc83a88fb",675
"i-0d71b51b482a68938",675
"i-007ef9490d229d9b2",674
"i-00f1f6c2339023f06",674
"i-0312b007ff4db62ce",674
"i-04901ac7490d540ff",674
"i-0575ffffbd64170e1",674
"i-0ae8213d39db2c7bd",674
"i-0bf023371f7fd0c39",674
"i-0c97355f040140186",674
"i-0cdc0ce1c7e6fccda",674
"i-0d1c2a47f9b6062d9",674
"i-0df24c9d12aa1f24d",674
"i-0e4cdc914a072c1c7",674
"i-0f091e21c68f1ba82",674
"i-01205ad8951523a6a",673
"i-027617f4bf29e3d10",673
"i-03ceef480c544c2e4",673
"i-0407b419dad47de5d",673
"i-043ba26d073113085",673
"i-063bf66144f3f5ceb",673
"i-077f6f6ac867ba1bf",673
"i-0846a4731fd08994d",673
"i-0ac068579376ebfef",673
"i-0cc2af995447890ca",673
"i-0cf4698bb2450f570",673
"i-0cf6baf79966de03b",673
"i-0e11ba28f64d2e2f3",673
"i-0e5c5548bb7086429",673
"i-004d31e143a863cea",672
"i-0186b3d91b39ffb5c",672
"i-01bbb311b8e390f89",672
"i-02ceacd6501339181",672
"i-039f47a2f68d70fbf",672
"i-0598ebd4f524df4bc",672
"i-0646abf1873fa0e6d",672
"i-083a8e1259063df8e",672
"i-08c864926d63f28e7",672
"i-0914dabd84acd8d2f",672
"i-091f6ed912619c34a",672
"i-09fdca54af4570af6",672
"i-0a286bc39cec10112",672
"i-0a2d41e4d0e07dc9b",672
"i-0af11e76d9af0db2c",672
"i-0c97e3b1f09530991",672
"i-0d9cf1734c9d7ecfd",672
"i-0dae2b7328534de29",672
"i-0f139b14e1312cb7e",672
"i-0f56ba8cf22ee92a0",672
"i-007e54bd5054c8803",671
"i-0118750413c714b03",671
"i-02716fed16c209253",671
"i-03d39260de25dcab1",671
"i-04597493736760370",671
"i-0467285e4c8500f36",671
"i-065e94633f1b9d286",671
"i-06790fa0527f8ee8e",671
"i-08870c9055911e122",671
"i-0a6a0880d9bc5fba3",671
"i-0ae341a9761df4893",671
"i-0c52db54aac204777",671
"i-0dcd6ff333d4c80f2",671
"i-0e5e98480dfdd67aa",671
"i-0eabac49f5b82a5f8",671
"i-0f3d341a251c064dd",671
"i-005a7548538749335",670
"i-007e9bb696525e524",670
"i-009f6515b07c0cd9f",670
"i-00c14ed1dbb1863f4",670
"i-016a3b5f93c7a63fd",670
"i-0247c77c98a633643",670
"i-034140bdec4170b64",670
"i-03982eda245b6cec2",670
"i-03c76d3877e329f58",670
"i-04e3f865afb561810",670
"i-04fb0538db4b0f6e5",670
"i-06cc649f661ec1924",670
"i-078a8b9db28831653",670
"i-082fc0a7ac7e19eb6",670
"i-095c35e232c7baae4",670
"i-0970a02b72b306dde",670
"i-0ab0f45a7617b83d5",670
"i-0cfe63289f84c8b0b",670
"i-0dd0c47254be29757",670
"i-0e13e2089f8144daa",670
"i-0e1b6b9050a326394",670
"i-0fb6d81b512f89449",670
"i-03e08e3c4bdc69ce7",669
"i-04f85811c24362fab",669
"i-057d3c6c7d1334fa0",669
"i-0623a8e4286fba402",669
"i-07d0ce498bbd33600",669
"i-0869da0965bc27648",669
"i-0951ad5f1021f8e95",669
"i-0aa923ff29dcaf1e3",669
"i-0aee606f7d6bb24d6",669
"i-0b9a3c0442d656ba4",669
"i-0cb22e48fd3e133e2",669
"i-0ccd23e32849786b4",669
"i-0ce3d347cab377a86",669
"i-0cf0042dbd8b92701",669
"i-0d61d97ecf312b50b",669
"i-0dd23c48d2cee6dd9",669
"i-0f68865902b0c71df",669
"i-00c6b29c15025c5a1",668
"i-02bbb60ff5095174c",668
"i-03783274a54191d4f",668
"i-03a8a0356d18f28d6",668
"i-040f972ef07242b2a",668
"i-0545712f511fa8e02",668
"i-05c05d974025c5442",668
"i-08f2067953b982a89",668
"i-09357ec97a30eeb42",668
"i-096a5b052b3f4a874",668
"i-0a25f96cf52d5630a",668
"i-0ab7c4f4e479bfcff",668
"i-0f2b2b63488748627",668
"i-003adb08a717abef1",667
"i-0111d29f64b8db258",667
"i-0249689832d8897d0",667
"i-028708ad159b6c5fb",667
"i-028a7c04562d03d2b",667
"i-02e39b6025634fd88",667
"i-03807cc6d4d16e939",667
"i-05baaa34f9c06d784",667
"i-07745193b1d73dd05",667
"i-08718df22e7194ed2",667
"i-08ad89557f24632b9",667
"i-0972c635bfcdc7469",667
"i-09907572e601c5ee2",667
"i-0b5bc45b20501148c",667
"i-0b7a1af2842d676fc",667
"i-0d35c1dafd0807d9b",667
"i-0e2c200b5920f9c37",667
"i-0f55c82f98b28f530",667
"i-00b430e68edd33079",666
"i-01f3c3cc9dbd21b6a",666
"i-0517f985a6430f977",666
"i-05896b3fc88e78615",666
"i-0589f4a1eb401d347",666
"i-067717d438a561e06",666
"i-06ca18817190ede45",666
"i-06e5bf33f0aa56cc9",666
"i-081cdc36bf1218b63",666
"i-087c3586c42f909f5",666
"i-091223a2c2c78f044",666
"i-0a16ef261ca50cf9a",666
"i-0a8436087826aaa1d",666
"i-0ce113b23c5cd64ac",666
"i-0e370126f538b87fd",666
"i-0ecd4c600d77e2fe4",666
"i-0fe299b6c86d8276f",666
"i-003083fd9dc6c1592",665
"i-0191a9656593aedcc",665
"i-02b1db6bccf093365",665
"i-02ffe3fd3fd4ebd72",665
"i-035040070fd715f7e",665
"i-06b6d2c3ab3acafea",665
"i-07818be965a988b91",665
"i-092a06d5a9cd14bb2",665
"i-096e359ccfcc0bca4",665
"i-0bca6b58fea4c98fc",665
"i-0dd266c72c6196c3d",665
"i-0e9d910f9045426b6",665
"i-0ed3502010ce773b9",665
"i-0f17e7c58c935618f",665
"i-0fecfd72b6ec979f1",665
"i-00536eff20b18f769",664
"i-030a22199c36d63bf",664
"i-066461dfb07c31b37",664
"i-07e4a67464a166c31",664
"i-0895aad5795244f6e",664
"i-0b33174b18ecb372e",664
"i-0be9ef7c1a9d8c295",664
"i-0cdeb17dab1e8cc47",664
"i-0e9e80064afbef09c",664
"i-0f25f3456ed25b851",664
"i-00ffc13388dfd0688",663
"i-04dfbc8b61a49a4e3",663
"i-06282e2c6fa38a018",663
"i-06a4399f170cb0dde",663
"i-0710d292a6556e01a",663
"i-091cae6d08aa87c49",663
"i-0a5b65f4ade302712",663
"i-0a8c5c664d136e485",663
"i-0c068ad8633452e63",663
"i-0cc31a4afdf3a050e",663
"i-0dc78c223e6ad5773",663
"i-021aea0021e76a7a4",662
"i-04c7749a8b6f44268",662
"i-051e0ecb98e1e39c3",662
"i-05fefb91753e53719",662
"i-0977eb6d3873ef3de",662
"i-0a3b071fda82b541e",662
"i-0b1646b7ad4ebf120",662
"i-009d87c0ecd9a1adc",661
"i-0384359a664f851ce",661
"i-0453f0352cbd4cb62",661
"i-04d8b2f513de4a482",661
"i-059f67acc254a21ed",661
"i-0671187f9498d514a",661
"i-07e5be67ab90e1878",661
"i-0abefb35bac80196f",661
"i-0b744431a85538bd4",661
"i-000cba730e92eb85b",660
"i-0126c7b290b1d2d0a",660
"i-014bbdae7be42a1a2",660
"i-019c3a36c1647308d",660
"i-04d69c307c5c65028",660
"i-050938f710c294986",660
"i-051f837a3b3a86502",660
"i-06b0cb493445e9f4e",660
"i-089ad62314d8a4d67",660
"i-08b8911fbd552e877",660
"i-0cca1169c966eb1e2",660
"i-0d1c2581eeba8c2b6",660
"i-0e7b7ff991d1d2cec",660
"i-0172469d8472dc71f",659
"i-01ad5a48e096ab0ae",659
"i-05608b55904b74c52",659
"i-05780ebf98a323c9a",659
"i-05cb9eb3a2498367b",659
"i-0650da48528665257",659
"i-0bc8d534d1d236c9c",659
"i-0bda92517716f6046",659
"i-00d5bf19ed2a4d0ec",658
"i-06387451331434f7c",658
"i-090fc97e82e0d973f",658
"i-09617a48d97c2d634",658
"i-0a6285e2f60f511d9",658
"i-0aad6a065ee001755",658
"i-0abffb165fcfc3f45",658
"i-0c4f97ad19d76cfe7",658
"i-0cb38fabdf967391d",658
"i-0cb44aadb5169d121",658
"i-0cd00c0cdac057257",658
"i-0ea0227b36d98c980",658
"i-006a91fa51a195c8f",657
"i-00c0a82363c1bdc82",657
"i-019e09c72c4060bdb",657
"i-052ce152a076efa6b",657
"i-06469b4bffd8235fb",657
"i-06906dd6963b5f563",657
"i-0937488e45a347e23",657
"i-0dc49f8192160499b",657
"i-0e3d0498c2f7b41f1",657
"i-0e76d9f78bee3c31f",657
"i-01f12c83a6a8598a7",656
"i-044755e3c5166255b",656
"i-044c505421642439f",656
"i-06201a65bf9ca9b46",656
"i-063487b8250c0dd3c",656
"i-069c7bf74c6682c69",656
"i-0957bf9a8f4c8ab8c",656
"i-0ad6be7442760f913",656
"i-0eec2efd462cd3b6e",656
"i-0148a3209ad393aee",655
"i-03d6a73fb8cecc3d1",655
"i-03e97b0f01a59765c",655
"i-050daa327c845233a",655
"i-053c5c651c8fae651",655
"i-054c1291e57177c91",655
"i-077921b79d7d3e73c",655
"i-0b7de118d0d5bae07",655
"i-0d437e286b0cb7a22",655
"i-05020c4d14d9df795",654
"i-05dcdbed46bc9655c",654
"i-06e556dee8216024c",654
"i-0950e5d0c3893904a",654
"i-0d7f6c98b4115f01d",654
"i-0fd3620fc687a7b19",654
"i-002d152e61a05971d",653
"i-00ce56bd3b820d56b",653
"i-013ae125981ae56a5",653
"i-066bc9e2984525a3f",653
"i-06db8a48b3b09e9fd",653
"i-090c75c39a9129a38",653
"i-0d75d19204b7da916",653
"i-0ee94ccc5582c9b27",653
"i-00a4846f10922c537",652
"i-03df66ec72153be27",652
"i-054f3fcd1412f5792",652
"i-08d4bf68653cec1af",652
"i-09ad66fe47c384c48",652
"i-0c90119d4dc89a77e",652
"i-00a04ac31d837d8d1",651
"i-05a3f7cec322a0867",651
"i-0663190f83b0a7644",651
"i-09922070dd317e59c",651
"i-0d5403c570c8bef26",651
"i-0d7fad9d5c3b56775",651
"i-01c57ffa284a55109",650
"i-04bc9c80c7d327d68",650
"i-05e740886891d7b47",650
"i-06f43ebe6cccfdbe2",650
"i-0cdf105ef9c6e23aa",650
"i-0e6a836522a5665cb",650
"i-00f193ec31d344d56",649
"i-046826ee1c0a14603",649
"i-05a1bd2d4716a1774",649
"i-05e6496fb992936d2",649
"i-064db3fe517a502b7",649
"i-06db11f0bdf4d266d",649
"i-06fa60af16de92b49",649
"i-089a5f9ada03fe1bd",649
"i-0b2df44e4f1f662dc",649
"i-0ba7e3d27068c1921",649
"i-012f744f0fe21b867",648
"i-01355a777b4ef6ac3",648
"i-0649080bdb053935d",648
"i-0218b308cdb284bfa",647
"i-039731ba42582ad87",647
"i-071371a55c55e253e",647
"i-0c1579eba917493d2",647
"i-0d1c8179554152796",647
"i-0e46585033febac04",647
"i-0ff06da8b9e10e3b9",647
"i-0ff74cd7b0fb94659",647
"i-008734fefa307433b",646
"i-021e6c06a132cd148",646
"i-03863c7d02ad082e1",646
"i-082a4336f55152180",646
"i-0daf4f2c3f7bb18b9",646
"i-01810fda8033deec8",645
"i-08ed1f80ab49318b8",645
"i-0b4d3085fd84e4534",645
"i-032141dba0b55163d",643
"i-07fd91c480e25ca97",643
"i-097b4ba0130cd7440",643
"i-0b892a3126076fae5",643
"i-00286cf6023987962",642
"i-0e0cbf7d717f805dd",642
"i-00bdd648ce407f5c4",641
"i-09d6493cff2aba8f1",641
"i-0c450e6f859879950",641
"i-0dd535e154f31be44",641
"i-0f43dd03bb0c03b86",641
"i-015da4ce34896164b",640
"i-060cd7a9e8ea31dcd",640
"i-058849b76ecb9d01e",639
"i-0ad4e1fa16f089ca0",639
"i-0550f04a8c35f4a3b",638
"i-0b52be54c37e24307",638
"i-0cd785ca0eee60477",638
"i-00d869f14f683209d",637
"i-0149c44c8c1a97725",637
"i-01c1e3a8984d15d19",636
"i-0210264e88dc3f315",636
"i-083b7abbf59d02314",636
"i-0ab284e78b07789c4",636
"i-0c94b2ac2c136407d",636
"i-05687a614c750e5bd",635
"i-0c2ad056d9c0dbbbd",635
"i-0f7fe24b9469787e6",635
"i-0b4c188765a8a4d40",634
"i-0bdd2d8b1931d283b",634
"i-05b58cca0808288b9",633
"i-0fa59ac54382585e2",633
"i-014dbfed4562c6edc",632
"i-03f00896ad3acc949",631
"i-02d92de7d3fc93748",630
"i-0ba059a274aade072",629
"i-0a076b609fcc12a82",626
"i-0c7b5f6f0b5240999",595
"i-0f73418ed731de09f",588
"i-0050e78199a79565d",584
"i-016dccc0cb53bc532",581
"i-04245cb974805e573",575
"i-07ca0edaec98521b9",575
"i-0dc10b25422eeff8a",566
"i-055b1cac589ce040c",534
"i-085d5f24840d400b6",526
"i-087eb2e444bf6e2c6",523
"i-06c693224414d48d2",470
"i-0464d4e3caf97523f",413
"i-00a3bf77d3b150f77",390
"i-06ca70f13d1e1de68",383
"i-083b1886b9b749e49",359
"i-0c01ca5f4f70a96f7",283
"i-062dd7e7c2be8cee3",279
"i-0734df969c7c066be",277
"i-0430fe89b126daa28",274
"i-05b20482d0394c7e3",274
"i-0d988a3d62f43dd76",273
"i-0d0f522ef97a93d2e",269
"i-0a4a3de7f948295ae",267
"i-0b15b14d338f38401",266
"i-0ca91b10f7578b25a",264
"i-0c94ac601a44f6088",261
"i-0ce2acfdbe47d6f50",254
"i-009d58fc1cce6023a",244
"i-06eba28eb58a73b6a",240
"i-054a2bcf5a9d1f03a",239
"i-00d890802d452bffa",236
"i-07302ccb15ed9b7bc",225
"i-0f5923acdb7105051",224
"i-0c23d5c0ab6858f2a",215
"i-036a8cc2cd434982e",213
"i-07a72ebaf62e43aac",211
"i-0fd35cf11e2a02cff",210
"i-07707315ad93055a6",205
"i-02b0c68a425e2bcc4",202
"i-032878587b425d3e1",202
"i-07e15afdbd2b35a01",200
"i-0627662fbee286c11",194
"i-011308dc0ab0ea7e0",193
"i-0b7298fed36b0b590",192
"i-0e00ea12c0465400a",181
"i-0788b779bcb87ca1a",180
"i-0f15a934a280acb3f",179
"i-0ec5f585574e4143c",176
"i-0d9be269d43d63d3d",174
"i-09dc02dd52ae07b14",170
"i-0730682f728da50b6",159
"i-0913a2c6b26df8744",159
"i-0a23bd0bbe8c199c8",156
"i-0dbc3802244565f2a",151
"i-05b80be84fc765d24",149
"i-017ac75fab4a819bb",93
"i-08cf8fe0accd90fba",91
"i-0aca3054033e29d91",22
"i-0f5494c2d0649f5fb",20
"i-03373c98fe8b969a2",17
"i-081bbb2e2624768a9",17
"i-0b5eabb88e059273b",17
"i-036e557a587b9e71a",16
"i-0515f2e81341d2b1e",16
"i-044f8489c60409020",15
"i-016ff1e81902bc7a4",14
"i-07e128e39908279bb",14
"i-0ca612281c1ea33c1",14
"i-0e382c590554a1a5b",14
"i-02c3db8b74eef5175",13
"i-056e28554ca358399",13
"i-061de541ff8c634fe",13
"i-0b72581273f71f7bc",13
"i-0e26112a951548ce9",13
"i-0e30d7884464ea7f1",13
"i-0471fcf2d4242f684",12
"i-05dc1a9d1ff267241",12
"i-063ac680a67b2e424",12
"i-086eb8dcdd2db311a",12
"i-08830f4c380f9dc58",12
"i-090f60412d60edefb",12
"i-0c9ea349025591e9a",12
"i-0ea350359516704d7",12
"i-0360435f6dccc0514",11
"i-097a34476fc6de09f",11
"i-0a4d2d64f0a023ed2",11
"i-0db3b37e21c8658ce",11
"i-0dc5a555234b9e986",11
"i-0ed38c34329bfc64f",11
"i-01e9af7fc5ed429d9",10
"i-033777beef1447d40",10
"i-05f54093c3167188c",10
"i-0ae8d67ba4fb5d6b0",10
"i-0bf22490d9fec1893",10
"i-029c2c7992a676e49",9
"i-059e0f0b765dff9fc",9
"i-05c0bca87979f27fd",9
"i-082cd45f7b802b2c3",9
"i-085c08dad42b3d8d6",9
"i-08f1e648a47821cf1",9
"i-0ae8182a2b2fc0576",9
"i-002b0682dd168b876",8
"i-07521221674c1e771",8
"i-0c697097c20979b60",8
"i-006541cdec159a815",7
"i-07bb29528b8a99b94",7
"i-0a8a8231823d3b5b1",7
"i-0ca555493aff6019e",7
"i-0d4e0baf31712e505",7
"i-0dd9abdd2f543e796",7
"i-02024f3bc1982b30b",6
"i-0494e677397bc94a5",6
"i-06c9b1f2e991d00fd",6
"i-087d517d0d09ccda4",6
"i-0b6270812b2dc78d3",6
"i-00072569a574a2e9a",5
"i-00147f25a45d5d786",5
"i-02fcae5db1769a482",5
"i-035eb374cd5758517",5
"i-03dee733bca442ee0",5
"i-076ce41282b322e2f",5
"i-07c75f080b129e184",5
"i-0c7c0e1c11113ecb8",5
"i-0d902672e0ec24d9c",5
"i-00a8b2e14627c9842",4
"i-04ae0bdbb9b7c9435",4
"i-05b16062591cd5ce8",4
"i-07741e302ee40940e",4
"i-09c6cbde2d353ba7f",4
"i-0af5d1df5b3518dec",4
"i-0b5aeaf26bb2527a0",4
"i-0cb041c647cda814b",4
"i-0f7c0cbe094cbedbe",4
"i-00c7cd2ec17e4ff3c",3
"i-01627e65d650c71d3",3
"i-0351b1046dd539e9d",3
"i-05b54869a36b82e27",3
"i-07821d9b0e97ae6f4",3
"i-0793623e3cd0d1abd",3
"i-0dee005d617f43a4e",3
"i-0e9fe19927858857b",3
"i-001162966e118bb41",2
"i-007c452a39ca2acf5",2
"i-00a3907ef93c1e670",2
"i-00a74c82a326a8c1a",2
"i-012f03584e21eeff3",2
"i-018d485e8303b12b2",2
"i-01a2319f4b0e15421",2
"i-01c4ed2cf737611ac",2
"i-020c649df09169887",2
"i-02a7f61abf13ddec2",2
"i-02a8863b6e7554484",2
"i-02ddb0eb808e4729b",2
"i-0310722082d31bf05",2
"i-0336320d2f0e58c08",2
"i-03e26e34ae20d968c",2
"i-03f26fe8e48fc3364",2
"i-0410c79f82b8815cb",2
"i-046fe29cbcdc4bef2",2
"i-04850a148d834dc2d",2
"i-0509d1cc3800464bd",2
"i-0587683e897d004b9",2
"i-05a66a436c85c8ee6",2
"i-05ca44644f60d92c9",2
"i-05d501b2f99064d2a",2
"i-0624dcb92a358a72e",2
"i-063a6df1a74251e16",2
"i-06516e932eb8b3bad",2
"i-067cf753eac734dd8",2
"i-06b006e0ced89372b",2
"i-06c9e7fc271eccba0",2
"i-070ed96bab3ea4ba8",2
"i-076bf21ef12aa2153",2
"i-07a9d92b3941d243b",2
"i-07af164285e6b8de3",2
"i-07f6dd8df0ad3087f",2
"i-083673baf083af674",2
"i-0875470371cc3f7e3",2
"i-08b61c9c3d6df8eff",2
"i-08cd5f226e5ee32c1",2
"i-08d8a6187ae90d455",2
"i-090ddd382db3a35d7",2
"i-09aa93f664fc52c1a",2
"i-09c0b50b37a637a66",2
"i-09f595f950442ac87",2
"i-0a095fd1ee0eb1239",2
"i-0aa0bbeae833ae9c9",2
"i-0b2e4bb1cb9773061",2
"i-0b7b44ded4aaf6fd5",2
"i-0ba4ae5925acb38a6",2
"i-0c46fd9acdc566630",2
"i-0d11e0a9ad0f3e83c",2
"i-0d390760405b0d59e",2
"i-0d6e1aeee5d99c025",2
"i-0e2559ecf610e34db",2
"i-0eb5291805eefbe0d",2
"i-0f14c43f7977b8eec",2
"i-0f3c6cf635b473c74",2
"i-0f45c3ad9ee03c7ed",2
"i-0f818179f5d72747f",2
"i-0f9d7214d58248364",2
"i-0ff66e00278eb2889",2
"i-0ff9af5d88efbfa65",2
"i-00033da44bca387f1",1
"i-00045e14161640599",1
"i-00073698aba88e00c",1
"i-0008e6147905bedea",1
"i-000caefa735b32fce",1
"i-000f8f20eb9f311d3",1
"i-00106ecb027a4d6aa",1
"i-0014758e40ffa6fd6",1
"i-00153d5aed52978f7",1
"i-00176c95ba85e2fa2",1
"i-001778de75fc2c1ef",1
"i-00190853d0a0365e5",1
"i-001a8d8617c4e91d6",1
"i-001b15f9745965d2b",1
"i-0020bc08dca161024",1
"i-002694884c1d6df81",1
"i-0029fdd20b2dfbd90",1
"i-002acc6c4c89c2c30",1
"i-002b9ebe6144c51d1",1
"i-002d1cd142d07448d",1
"i-002d3b4ade0eb5973",1
"i-002df5109025ebf17",1
"i-002ea11198a053764",1
"i-0031d5093b091f318",1
"i-00320c8493828f9af",1
"i-0034f1d01f5464c58",1
"i-0035273826265eb69",1
"i-0035e62457f3a488e",1
"i-003928d8bfea7d6f8",1
"i-0039961312bf555a9",1
"i-003a8ae8686e2e198",1
"i-003ade17c38096440",1
"i-0040bfdbe3cb44417",1
"i-0046e68256144ad7e",1
"i-00485a736c9de2031",1
"i-004949b21719bbb53",1
"i-00496c8d9a5320627",1
"i-004a713edc73da474",1
"i-004d5d53d13ebd800",1
"i-004ec8ee5edb44c51",1
"i-00502d84be41da991",1
"i-0051b27df40993c27",1
"i-0051eb8832f5f7b6e",1
"i-0052a91441fc9052a",1
"i-0054dc1a9d0dcb320",1
"i-00557cff59bd0883d",1
"i-0057cbc3a01adae15",1
"i-00584fb5d2d834fbd",1
"i-0059a70d2748a31df",1
"i-005cf563e41a703e5",1
"i-005d8c3161c69ff3b",1
"i-005fe1c02c1b975a9",1
"i-005fe55ef86038fee",1
"i-006058d4d4d9501e5",1
"i-006064472bb98b38c",1
"i-0064fdb4894f89924",1
"i-006562f297fc34a5f",1
"i-0065f256af765e58e",1
"i-0066ea103f0be1d0a",1
"i-00679e366b4760506",1
"i-006dd0c02eb06008a",1
"i-006dd94ad55ca7d4e",1
"i-00702e228e364f009",1
"i-0070949c23172d72f",1
"i-0070fcd5b5e53dbdd",1
"i-007535e076eba23f7",1
"i-0075df1fcc50284eb",1
"i-007798efc3e80aaa3",1
"i-0078d4bba3e59551c",1
"i-007a34a0a156de067",1
"i-007e3a20fac1ac160",1
"i-007f56dbad0475c7f",1
"i-0081f7768cbcf39f4",1
"i-00828416d55b7ca22",1
"i-0085e7063619b2e89",1
"i-00862085e3e8f3f83",1
"i-00862b0465498b450",1
"i-0086f98c036e58cc3",1
"i-008739f38fe29ba3b",1
"i-0089cb7452b4dc0d8",1
"i-0089f4efac4ef2580",1
"i-008a04750e3d9a634",1
"i-008cca90dcec831e0",1
"i-008d7639ab7fb0a8f",1
"i-008dc54c1f4053e47",1
"i-008e38d9ad9ec7099",1
"i-009036e7670b7b232",1
"i-0093054628a6a211a",1
"i-0093b2668fa68ec60",1
"i-00942ac569bb82d19",1
"i-0094a527790850e09",1
"i-0096433af33732fb2",1
"i-00969c0342d971ca7",1
"i-009957b7eae5d9692",1
"i-009ae427818cfb08e",1
"i-009def0a2ad13da23",1
"i-009e3297067e63849",1
"i-00a00da3238cbe613",1
"i-00a2a8c744467c934",1
"i-00a3b292014707bd8",1
"i-00a60a54192691b60",1
"i-00a62baf090380136",1
"i-00a73d11f938a7387",1
"i-00a79020d9a2b8bd9",1
"i-00a8ef0fc67db42cc",1
"i-00aaeb200f6891f5d",1
"i-00ac845ea75293591",1
"i-00afc2f6eab9d6343",1
"i-00afef702b0bed8e3",1
"i-00b03396747b71a02",1
"i-00b06207ba3a902d7",1
"i-00b1269e17a26b1c9",1
"i-00b13a9ac61fcc091",1
"i-00b576f8df59d2627",1
"i-00b79b6c341b92896",1
"i-00b7cc8711d36a3ed",1
"i-00b812d3e76153e04",1
"i-00b95efb5835050fe",1
"i-00bb2012cb6164d9c",1
"i-00bb6c60d34bf460e",1
"i-00bfcd1dd7bc90886",1
"i-00bfea3d4c49b03d5",1
"i-00c015c0417d8488e",1
"i-00c211c97f102e1be",1
"i-00c3061149b0a0753",1
"i-00c4a3712929cc93b",1
"i-00cd597057c607bdf",1
"i-00cf028762966bf52",1
"i-00d0c330476ef6ba4",1
"i-00d20408fd873db87",1
"i-00d3c22db3bc29943",1
"i-00d3f74730cf4f3ad",1
"i-00d412f69bc8f6ef4",1
"i-00d4863d20f41a0c4",1
"i-00d5d45a80cf0f8ed",1
"i-00d7d9d29549f7791",1
"i-00db47c91b3ded3ae",1
"i-00dbf42c64e57a181",1
"i-00ddc2a3884e539ae",1
"i-00de35d0e09d11d20",1
"i-00e24a757e47e1083",1
"i-00e2a468f47e0d63a",1
"i-00e4243e1fbb037e9",1
"i-00e42943385c0a31a",1
"i-00e606a7ef1f15034",1
"i-00e80704973de9e38",1
"i-00e8e9df3cd68ee6f",1
"i-00e99cd508d9e0788",1
"i-00eb4278d25eb20e6",1
"i-00ebc9f1e7b4cecdb",1
"i-00ebf5cd8359f3c77",1
"i-00ecbbe8ee57cafe9",1
"i-00efd1b73e0107211",1
"i-00f1f831031c5fb65",1
"i-00f3df4e47e6c9490",1
"i-00f4fa04db6a48d1a",1
"i-00f77c11bf8fb8d0b",1
"i-00fb33021ad18df26",1
"i-00fbf27066d712959",1
"i-010005bd8e10e176e",1
"i-010270de2793dd72e",1
"i-010355d27634eb588",1
"i-0107321d8def724a0",1
"i-010da95604ddb8d3d",1
"i-011189fd24498b0c3",1
"i-01125632a78f04101",1
"i-011480da6b731eda0",1
"i-0114e2a77cce9cb8f",1
"i-011a2b51453263122",1
"i-011aa02b67de276b9",1
"i-011b3945084096f50",1
"i-011b5944e2a7b7a01",1
"i-011da72a29f10137d",1
"i-01210d1255e5ae45f",1
"i-0122e8aad466079f6",1
"i-0123097b06207d329",1
"i-01249e05a663b8d4d",1
"i-0126bce20371fa77f",1
"i-0129f48630b375739",1
"i-012aac8258cc7bde9",1
"i-012d799676936d4ab",1
"i-012da706bc470da17",1
"i-012f19f7097de1088",1
"i-012fab86abfbf2db8",1
"i-0130beedfd87856d7",1
"i-0130f425b1d618439",1
"i-01316031e34245a5b",1
"i-01335b6edd9df2f41",1
"i-0133baeec59eba688",1
"i-0133f7ae3af09536c",1
"i-01365c93c988a1e5e",1
"i-0136a652df8f5906f",1
"i-0137dda06c7ebe788",1
"i-01390fbd0bc21e424",1
"i-013a45336a11a3492",1
"i-013b840ba75b1ab54",1
"i-013c6c7c62f94dfc4",1
"i-013cd7cd7491d2379",1
"i-013da080d2124e7dc",1
"i-013ee2e260743f30e",1
"i-013f2410941936f08",1
"i-014027dcfa3832b44",1
"i-0141589cee59945a5",1
"i-0142cf181982bb662",1
"i-01477d320fbf808c8",1
"i-0150d8da18c9eabbc",1
"i-015386b5bc669be19",1
"i-01540faca058e0684",1
"i-01550b5f2c9361212",1
"i-01564019d551cb2fd",1
"i-0159a1cd288022b95",1
"i-015c88571bafc3f1b",1
"i-015cbf4ceca5f5e89",1
"i-015ccd91428f4e8a9",1
"i-015e26e8dab2cb1b5",1
"i-0161ccc107e545aa5",1
"i-01653055beceda8a2",1
"i-016561915398c19e5",1
"i-0165739845cb1c615",1
"i-0167eee530e80c43a",1
"i-016955a2f3769eaa4",1
"i-0169d97f79e1cdef5",1
"i-016a346f8a4631113",1
"i-016b1b4cbd0d46ddc",1
"i-016dcdb4f9e03af5c",1
"i-016fa3c7d79b3ecd9",1
"i-017061d3a954c36a6",1
"i-0175a220034d343ba",1
"i-017aa0802cb26868a",1
"i-017c26789f9eb7e5e",1
"i-017c911e3b71e86b0",1
"i-017d99f8ab4c009be",1
"i-017ecee3eb862f02e",1
"i-01802d51569d15596",1
"i-01828a0ac0a453bd9",1
"i-0182c7a8ddbbd9910",1
"i-0185f9898e3862093",1
"i-01863d3559f99d3e3",1
"i-0189015df4fe10147",1
"i-018c8ad0031008949",1
"i-018fd820c6fb853bf",1
"i-01914d88a35d06dcf",1
"i-01925db2e1105d55a",1
"i-0192674f4427519d9",1
"i-01940203683532cce",1
"i-0195e92b8752069a6",1
"i-01986b1b8d6be8b58",1
"i-0199ab2ff1e2f5f93",1
"i-019da904f6f4912fd",1
"i-019e991c3cc024c03",1
"i-019f7cf7cb9cc0bd1",1
"i-019fbdc1ac59afc6c",1
"i-01a15be12e672f194",1
"i-01a465f7e1c31412c",1
"i-01a8cd50c10e3f9c1",1
"i-01aa2cf3a87621576",1
"i-01abd304a98277b83",1
"i-01ad75c7e592d9bd5",1
"i-01af762e7bec0a753",1
"i-01b2ae555bc60b38a",1
"i-01b4755e5bc6a25fd",1
"i-01b51f3b42affa0d8",1
"i-01b5921eb9917603a",1
"i-01b68fe8fa8bef488",1
"i-01b69d81dac59ccc3",1
"i-01bce9a58dbcb75cc",1
"i-01be53147885d2552",1
"i-01c0bb52bcc46d520",1
"i-01c152e99cbf7a858",1
"i-01cb1ca1dbabade3b",1
"i-01cb7e8380199de3e",1
"i-01cc5c61c29e04154",1
"i-01ce95a074f3f047e",1
"i-01cf918f7b21061ac",1
"i-01d5d7e45c95c9856",1
"i-01d66b882de093e92",1
"i-01d7837d42ef4e6ff",1
"i-01db3d41e82cc8be4",1
"i-01dc600aec236d3b7",1
"i-01ddf1fa7d58c517e",1
"i-01df57769db9942e0",1
"i-01e10517a6d553190",1
"i-01e425128bbc4295e",1
"i-01e55c63d109d2e3c",1
"i-01e60a86d80d0e291",1
"i-01e8c0351144ea76b",1
"i-01e91af4fa159dc7b",1
"i-01eae35b56ad30b2e",1
"i-01ebbd55e1bf3fdae",1
"i-01ec8be6839c99d4f",1
"i-01ed8c3d460d63bac",1
"i-01ee3546d5f35643a",1
"i-01eed7115d51b5559",1
"i-01f45465d37fdd8c6",1
"i-01f6d69e2a2fef9f9",1
"i-01fb46794bf2d3796",1
"i-01fcb2122e9dc5ccc",1
"i-01fe5844037d52cf9",1
"i-020195e4ebe711789",1
"i-02055773c4541cb62",1
"i-02074779b74ce8f9a",1
"i-020c3f08b58d7737b",1
"i-020ef5204103866cc",1
"i-0212835f17072cc3c",1
"i-02168a9b428c883b4",1
"i-02169816fce532075",1
"i-02179b444da71a248",1
"i-0219ee749e2da20ea",1
"i-021a8de371b968cfd",1
"i-021c183e2baec5eb2",1
"i-021cee204f0e6f776",1
"i-021f4b693308b8dd8",1
"i-022082febd20ec519",1
"i-0220b07bf6c4ba2dd",1
"i-02217234de83a815c",1
"i-0222c61027be2bc65",1
"i-0222f737fc17b2d54",1
"i-02277745811b29f44",1
"i-02285ffbc80bca0ae",1
"i-022b2ab6dbe6bae11",1
"i-022dd6ceaa5e6895f",1
"i-022ed74c2e8d877b8",1
"i-022f52ee55c886e84",1
"i-022f6e8bdb8149fc7",1
"i-023381e8152271c27",1
"i-0235e5085ea280ce0",1
"i-02388cf408879037a",1
"i-023af1410b628fd52",1
"i-023e02155be4d9a70",1
"i-023e9bca223f0e990",1
"i-02413777e9519ed10",1
"i-0241ebc7114fd85ac",1
"i-024415c5eea9ec3a4",1
"i-0244413990637d5e5",1
"i-024498dd2ee85290b",1
"i-02468890d93b1615f",1
"i-0247fc82e8d64a2c5",1
"i-024a91d93c873ae30",1
"i-024e36134d557ac6b",1
"i-024f55290f40e8ef0",1
"i-025130137278196fb",1
"i-0252957da38217c3a",1
"i-02530988a52eaff11",1
"i-025309a75c018e978",1
"i-0254083808ce4a90c",1
"i-025705041131bc05b",1
"i-025779f54c173bf9d",1
"i-0259cb87ffaf6646f",1
"i-025bd0d02c81c78fc",1
"i-025dcc8d98431b2d3",1
"i-025ef9b37ad36ff91",1
"i-025fb59a8ded17828",1
"i-026112aff9e7a24c3",1
"i-0262cb37a48a15eb6",1
"i-0262e37e9c5fae7f0",1
"i-026304352d2b3eb7e",1
"i-0264c6ecf46f49113",1
"i-02653aaf506c4f0ac",1
"i-02653c74c7e2e8483",1
"i-0265f51e6730cb189",1
"i-0266143d3cf9131aa",1
"i-02679ccc89e02514f",1
"i-02693d85d1eebb99f",1
"i-026c7376780e6236a",1
"i-026f0cbf822f9f34c",1
"i-02715fb68b69c778d",1
"i-02749da466a531f0d",1
"i-0274cd4b155de4100",1
"i-027796fb0c754264f",1
"i-02787c2f41474a062",1
"i-027db19269975a4b4",1
"i-027dbe6ce7beaa1ff",1
"i-027eb3e970d17f3d1",1
"i-02878daa5b3bbb54e",1
"i-0288ad59df374539b",1
"i-02895ffc225a4c1b2",1
"i-028a11784524e80b2",1
"i-028ade8f72aeca289",1
"i-028aff6465bdc56df",1
"i-0293d9fd2c6d13577",1
"i-02940239e024b2d9e",1
"i-0296ad9c22364132e",1
"i-0297dcd71ad0f89d9",1
"i-029a8ae594fc67908",1
"i-029b2b6e6fda90e21",1
"i-029b8679eff415d7a",1
"i-029db814a73363a52",1
"i-029dc7c84d9b93851",1
"i-02a0b60aab7b44e83",1
"i-02a11914078307ea6",1
"i-02a154dcdf7b1cc5e",1
"i-02a21f2261a3ea16b",1
"i-02a4826a2732e0c07",1
"i-02a51c6fb931be20a",1
"i-02a8bbef234288196",1
"i-02a9ea862fb78a626",1
"i-02aaa3166db68deab",1
"i-02ab185dd50100fd7",1
"i-02aecb56bd04ed56a",1
"i-02b09527b8d30bc8b",1
"i-02b10d9e55c7eec98",1
"i-02b270d4d20301e0b",1
"i-02b306de522d2dd05",1
"i-02b4cc450ec012538",1
"i-02b4d0467a6121e05",1
"i-02b4d28237b024e34",1
"i-02b7646ba9e240d5b",1
"i-02b8783527186a6c3",1
"i-02b977cf4dbb47f1a",1
"i-02baa5de554c2ddcc",1
"i-02bb1b4d65fee7e4a",1
"i-02bcf0b13f3ac880b",1
"i-02be9f4a7f7ee2303",1
"i-02beb4da046aa0900",1
"i-02bff2d902607d8b3",1
"i-02c158d7cd095ed0f",1
"i-02c70bce9efb9e8b0",1
"i-02c785d9505985b28",1
"i-02c9e3b158325e15e",1
"i-02ca05aff4628cda6",1
"i-02cca529e4657a722",1
"i-02d0836d44b5635aa",1
"i-02d2ea91665e1088f",1
"i-02d61615a88711767",1
"i-02d66175900dc67ad",1
"i-02d694367cec3f05a",1
"i-02d73c156451915d8",1
"i-02dac62317d4874a1",1
"i-02dd5f8200f0fe5eb",1
"i-02df96cf64c72453d",1
"i-02e28651e97a02a33",1
"i-02e35b80b3806359e",1
"i-02e4552a054a2aa92",1
"i-02e6be76500e772c9",1
"i-02e74ecc31cf45433",1
"i-02e790e08c9c8654e",1
"i-02ea0be5ae45bab42",1
"i-02ed5c1690bc0254b",1
"i-02ee83d493f1b2255",1
"i-02ef00f935af84157",1
"i-02f0204db0908ff1c",1
"i-02f0b6259097e29fe",1
"i-02f28d979f50997d4",1
"i-02f4aa59c7c14eb43",1
"i-02f5aa7a92413c86c",1
"i-02f8cf87b230fa118",1
"i-02fa667fb2556722e",1
"i-03001a39d089cee85",1
"i-03019d0075fe02f00",1
"i-03025e888bf3b5fb4",1
"i-0302f1ec8dfee582d",1
"i-03082b3b5d6adf9ad",1
"i-0309acd67a66cbfc2",1
"i-030aff57146cab59e",1
"i-030b6bae4e1c44110",1
"i-030b9427e53f320ee",1
"i-030bf65a416d74e94",1
"i-030c8bcc32f1ce9b7",1
"i-030c9947992cfdc63",1
"i-03103a1eb52f93e9f",1
"i-03120cfb911090544",1
"i-0315e9d4572cad5c8",1
"i-031616da91598f728",1
"i-0316d32809141c7cc",1
"i-0317651495069e4e6",1
"i-0317710f3489c29fd",1
"i-0318bda5e69e41194",1
"i-0318ca5028825c79b",1
"i-03198fae8902af444",1
"i-031ac23a55938852f",1
"i-031ac7d9b3f972d3c",1
"i-03214cc4e5142854f",1
"i-032202b6aa1847db5",1
"i-0324acdb5ec2e6c4b",1
"i-0324eff4ee8e61cc4",1
"i-03261d5c1f3b4eae2",1
"i-0326d5e8dffad09b5",1
"i-032d3e2c171733e52",1
"i-032e26f410dd53b77",1
"i-032e6f455103c2a92",1
"i-032eb6e745663af5b",1
"i-032ed670cc5608d3e",1
"i-0330a0ef063b1b0be",1
"i-0331c7ee8bafc1805",1
"i-03344b7611d64bb69",1
"i-0337972f54d7a4378",1
"i-0337f9e64b0f580a4",1
"i-0338654c782901a44",1
"i-03394839682df05e0",1
"i-033c471ffbc9498d9",1
"i-033cbbcc9694c1d3c",1
"i-033d0c1381b7e0358",1
"i-033fd29d09bb318d3",1
"i-034818a194b526226",1
"i-034879f43d0a23d8e",1
"i-034905a7822486f36",1
"i-034ae13f90667354e",1
"i-034d3f77f5d9ea8d5",1
"i-034e8f02e4c3d28da",1
"i-034ede5d5045b229f",1
"i-035278aab1a0236a3",1
"i-0352e7f395bf90f19",1
"i-0355cb04874948377",1
"i-035696073f2621bf5",1
"i-035a4b08231fa6213",1
"i-035bb80d83ec536ca",1
"i-035c46df29cd5932e",1
"i-035ccfa303c6e0b0f",1
"i-036158b2e16aa345b",1
"i-0362eb64a1435f36a",1
"i-0363b4997cd173346",1
"i-036574979e4b0671a",1
"i-0365ba2e7a4989b7d",1
"i-0366563f740c5c4bc",1
"i-0366eedfb0ee15db7",1
"i-0367ca862a4f85a08",1
"i-0368a271cd5185417",1
"i-03697627554873a4d",1
"i-036ab26057d6beb3e",1
"i-036ec8bc550fe6faa",1
"i-0370053b52ea48bd2",1
"i-0370aaff819bd7591",1
"i-03714630a22ac9a03",1
"i-03715a5b38bfded52",1
"i-037394ee448607376",1
"i-03741b0932a490122",1
"i-037aaea3a3c7bbd5b",1
"i-037e4ec30344ce9be",1
"i-037f8b5fb806c70fb",1
"i-0380a8dd54a00ca55",1
"i-038138281cd944839",1
"i-0385b36264b610fff",1
"i-0385da1f212fe0c4c",1
"i-03867a3262ecfcc93",1
"i-038a756cca386e498",1
"i-038ac9f41c1c0bfa5",1
"i-038b12cd246714549",1
"i-038c3e1ae9f8f70cf",1
"i-038ec242c5ae76073",1
"i-03923ab5ee49d79c4",1
"i-0394b52f076f2375a",1
"i-039532a55a0839504",1
"i-03955777af5f86a06",1
"i-0396d210c469eb1bb",1
"i-039784e6cb5e98e1c",1
"i-039940822698bf238",1
"i-0399611d15ad2cb5d",1
"i-03996eb0939e7cf16",1
"i-039a5798c6f1bdc43",1
"i-039af11e163b6cb04",1
"i-039bbf9353cd8c388",1
"i-039da7dca2b034d78",1
"i-03a183830409c71c7",1
"i-03a308caa54803e31",1
"i-03a5f110e42b5f349",1
"i-03a81405b154a7b05",1
"i-03ab34189bb48e51c",1
"i-03ad318243506b383",1
"i-03ad86a5649baef56",1
"i-03b06c6bed9d4c00b",1
"i-03baad405d92d7c3e",1
"i-03bb87d4be4eab065",1
"i-03c00e47154d826f0",1
"i-03c04eb046dbf471f",1
"i-03c132a3abb4fd379",1
"i-03c22d80c19285f35",1
"i-03c28e9c366fb5ff9",1
"i-03c50c639057be4fd",1
"i-03c76c0edf2fcbafd",1
"i-03cc9b0a07e6562ee",1
"i-03cdb755dbfda54de",1
"i-03ce12469a5bf6852",1
"i-03d1534d9b63e0d24",1
"i-03d4f8ec55de1718e",1
"i-03d5431b3bd1bab0b",1
"i-03d5d48fc85bf9fd4",1
"i-03d5e9e77bf126ddc",1
"i-03d63b1d5908c2ce6",1
"i-03d9fe4eb4ab592bc",1
"i-03de1f61ee176f0c7",1
"i-03df5f8ef98df7b32",1
"i-03dfdac6534a68b77",1
"i-03e0d6d7d0322694d",1
"i-03e1865933881100b",1
"i-03e47e90f1fd557ea",1
"i-03e5074ff880f5aef",1
"i-03e59ed1e44e47105",1
"i-03e9cdc1ccf12af66",1
"i-03ea72ded063218fb",1
"i-03ec20c3cdedfd6c4",1
"i-03ed2463f89471924",1
"i-03f33df21548c8cee",1
"i-03f745aeba80dfc5e",1
"i-03f891047392c9894",1
"i-03f8c0a5d56f8d9fa",1
"i-03fb190db2f695839",1
"i-03fc28067bd51daf5",1
"i-03fd204d71bfd3c87",1
"i-03fd67df22448884d",1
"i-040062705239a5d1a",1
"i-04009ac907ad7d712",1
"i-04011d071007c39de",1
"i-04027508f20778938",1
"i-0403e5f6dcc2a0073",1
"i-040623282afa8580e",1
"i-0406b958f00a439a7",1
"i-0407a21e72d20e65b",1
"i-040dc864bcff22719",1
"i-040e36360212a7a25",1
"i-04131990239d1dfec",1
"i-0416cac6b8179c631",1
"i-04179d6466bb1b050",1
"i-0417c83caa34db34a",1
"i-0418610ca2347b3da",1
"i-041a53204340001ab",1
"i-041e5cbd62eeb2c7f",1
"i-04235e8d38602c724",1
"i-042442d482964f579",1
"i-04252ac0bdd1e20fd",1
"i-042533b610fc3b3f9",1
"i-042603cbbe50d0303",1
"i-04263565d20a4c490",1
"i-0427671db9c963890",1
"i-042a3e697245ef9fb",1
"i-042adf1d4862b56f4",1
"i-042bed68b5665e87e",1
"i-042effc715fd8a19f",1
"i-043038d2951d13a04",1
"i-043237d14a879b810",1
"i-043a238f13ed22e94",1
"i-0440e21c2cc0d0c28",1
"i-044298b16b036b745",1
"i-0445c4532ea22bd0f",1
"i-0446464e9551880ce",1
"i-0446ba189ef783c30",1
"i-04487030f97780416",1
"i-044a5e2af8dfbdf66",1
"i-044cce3b3f09c8c3b",1
"i-044d142ccd4dc23f5",1
"i-044d79f2f49955f46",1
"i-044ef33a5c1f5b8cb",1
"i-04508c72c3f0cbf2e",1
"i-045547a796843349f",1
"i-04556fdb0e4bfd494",1
"i-04574e6e7b144caa7",1
"i-0457701a7fcfb3b1b",1
"i-0457ffb9eb70fc7a0",1
"i-0458131b1fe1634d8",1
"i-045ef49f572b8fc2c",1
"i-045f45d1c9c947f0d",1
"i-04620c8fc5775bbe6",1
"i-0462679fddb4fa842",1
"i-046481da8ae21ced5",1
"i-0464ec9a99255fe84",1
"i-046693320f1a91b97",1
"i-0467333bc5f17a0f4",1
"i-046a0684000177f17",1
"i-046cd6941809995af",1
"i-04710eed75b18be0f",1
"i-0476754e7d9ebbe20",1
"i-047b7d606afa2c1fd",1
"i-047b8e6c2165631bf",1
"i-047ea54b6a1bf71b4",1
"i-0480ad8c12112cfdd",1
"i-048684ad1d40947e1",1
"i-048774990b5f876e7",1
"i-04877cadc400aada0",1
"i-04888deb705b87a0e",1
"i-048a6005ca9296167",1
"i-048a86cb7d4ed1cfc",1
"i-04921f6f22f699551",1
"i-049584a6d42c02645",1
"i-04989109458ee4e11",1
"i-04998fee7ed81dcfa",1
"i-0499c5e29f40d93e9",1
"i-049d43176c8782050",1
"i-049de9a8772063ae4",1
"i-049e6d5a096cbf312",1
"i-049ec7dbfc1fe434d",1
"i-049f0c0c44705e763",1
"i-04a169e2a18f5f8f0",1
"i-04a41a0b6adb77857",1
"i-04a57c307da4fac96",1
"i-04a5a50cbf2d33e88",1
"i-04a991d8eaafb4578",1
"i-04a9ec6da56609db0",1
"i-04aca93d65d57973a",1
"i-04adc8b04988d9036",1
"i-04aeb4cd5017409cc",1
"i-04b171195136069bc",1
"i-04b275161f560be35",1
"i-04b371225fac17c1d",1
"i-04b4bcfac7d49adb4",1
"i-04b4f45d610fa428e",1
"i-04b6aa77c1b13af02",1
"i-04bbc2a279c459237",1
"i-04bbe07879be58f9f",1
"i-04bc13a6ce64884de",1
"i-04bd0cb25a4ba8896",1
"i-04bdb4f91d3103406",1
"i-04befea2e6caba4c1",1
"i-04bf16c5f6d8a816e",1
"i-04c1f1880a973cd80",1
"i-04c4ed6fbed4a4f7d",1
"i-04c54e2abab7bac39",1
"i-04c6b498dd012c82b",1
"i-04c89b7fb46c24428",1
"i-04c8f7cd6017123fe",1
"i-04cac0fccf59b4db4",1
"i-04cb5a94d5e774c9f",1
"i-04cd19f8962dfc5ad",1
"i-04cf1566d15cf3d06",1
"i-04cf6ec938060bffc",1
"i-04cf78f51cec77004",1
"i-04cf7d8f7a9f802e3",1
"i-04cfb1ab5f085311b",1
"i-04d17263ae985d01b",1
"i-04d360852c777c2ef",1
"i-04d51ff54df35b40c",1
"i-04d52a2341fc2a813",1
"i-04d66f80fee0142d8",1
"i-04d6fa0d34594e104",1
"i-04d75647fad535870",1
"i-04d91d6d4e71c06a8",1
"i-04da4e069d6daea6b",1
"i-04db93eb2ec91fc8b",1
"i-04dcc67ecf1e641ee",1
"i-04de338636f3b4c15",1
"i-04dfa4138919e85d5",1
"i-04e155993edeb78b4",1
"i-04e17c637c0077801",1
"i-04e24f14791c49627",1
"i-04e423816f81c080a",1
"i-04e72834a08477240",1
"i-04e7d287e2b9fbe3b",1
"i-04e99bbf6d62bfe42",1
"i-04ea4243d51d31c55",1
"i-04ea58e2f2d418166",1
"i-04ea97fac1da906e9",1
"i-04ebc43f8c3dd75fe",1
"i-04ed01b15e969faaa",1
"i-04f0d38dac04c891a",1
"i-04f40e34678586e5b",1
"i-04f4528377b7ccb69",1
"i-04f8ce1dfec09b3e0",1
"i-04f8e4e5acb68c8f9",1
"i-04fa0637a836f1573",1
"i-04fce58f4c51b4a60",1
"i-04ff47e84af4aae3a",1
"i-04ffc6b71f71652c0",1
"i-05027765964a8bf7d",1
"i-0504c4e6fef3ebc1e",1
"i-0507b5e7436980bcc",1
"i-0508289a0c75ecda8",1
"i-0508fb258578009f5",1
"i-0509ac703d5f676bf",1
"i-050cabb2d5794ef31",1
"i-050ee50f96da59bfa",1
"i-05104c7c1b79ff051",1
"i-05125b7e7b4f4cb1f",1
"i-051283eeec5d07e63",1
"i-051618aa3afcc6b4a",1
"i-05165feb3003084d4",1
"i-0517534cd4dc1b087",1
"i-05198fd6d6d187428",1
"i-0519b91934456620b",1
"i-0519e15a3082f5046",1
"i-051a1974e7503437e",1
"i-051ab759759439faa",1
"i-051b1b955be36a2c1",1
"i-051d30f16382d3cad",1
"i-051d5654dbd04f2f5",1
"i-0522bcef72157b6da",1
"i-05257394084723be5",1
"i-05257677e2734c6fa",1
"i-052602e7482392eb5",1
"i-052acc47c78ae4c00",1
"i-052cf588d89c9bf1d",1
"i-05302881a7ac5ca43",1
"i-0530c1cea1b576f9e",1
"i-0531c8e86223e4a9a",1
"i-0531d3c2f324b606e",1
"i-0531f28c8197b424a",1
"i-05346548bd76e3237",1
"i-05369f626fb435baa",1
"i-053d0e66c458cf0d9",1
"i-053d24d256726ce55",1
"i-053d8baa9553071d7",1
"i-053e1249fcddf5527",1
"i-0541dc014fc57fa06",1
"i-054215887f55f687a",1
"i-05485bab0e866bb31",1
"i-0548b0ccc7521c073",1
"i-0548f3ac2139fe2d5",1
"i-054950eb31ec2fafa",1
"i-054bb564e81cc5004",1
"i-054c2b9d23a567a09",1
"i-054e981334112a02a",1
"i-05501126c037ff594",1
"i-05549d903b32e7d54",1
"i-055791fe8fc39d9aa",1
"i-0558213906349329a",1
"i-055ca3dc7ee999807",1
"i-055cd79fdb0741f66",1
"i-05610025983e472fb",1
"i-05622f898ac2df591",1
"i-0562489db425526d7",1
"i-05642b6c27a760d91",1
"i-05655ba8b06cf37d5",1
"i-056749ebff5c8d4d0",1
"i-056908c8fc5dcb6e3",1
"i-0569e2c8ef8c24887",1
"i-056dfad6de7efd3b7",1
"i-0571e9586895ba5ec",1
"i-0573a2c71c555c437",1
"i-057705dbe3267f9dc",1
"i-057793597f90b5d46",1
"i-057d4b1de8d1eff1f",1
"i-0583eabc79e0a11a5",1
"i-0584587741bb5c34d",1
"i-058498e902d45b6d2",1
"i-05852d58e59290853",1
"i-05852f27f240c5320",1
"i-05860d47107d786a5",1
"i-05887a64ac736e98b",1
"i-0589e9edef42a7b31",1
"i-059120277cba7b212",1
"i-0591702513496b3d6",1
"i-05924fccacad7024f",1
"i-0592cc8457c26b418",1
"i-05962406d71caedaa",1
"i-0597a2ec444857d15",1
"i-059b7e21349a24679",1
"i-059d9a4aa21742943",1
"i-059de79e8becc94f4",1
"i-059ecf591f55611e5",1
"i-059f662d3cf85f453",1
"i-059f87df30c3d0e4d",1
"i-05a0337e5399e3e17",1
"i-05a21096c10df342b",1
"i-05a233f95615f8256",1
"i-05a3393792e0139a8",1
"i-05a3c084b1fe316d6",1
"i-05a3d782d1958d4d5",1
"i-05a6fb65afbf10aa4",1
"i-05a848db85fb7025c",1
"i-05a89b7d54018e02c",1
"i-05aee3f0cf0345388",1
"i-05af088c9b7e67c48",1
"i-05b041e7366563a2e",1
"i-05b1b4022c5f4237e",1
"i-05b48f4993cd25537",1
"i-05b4eaac8e1e6323c",1
"i-05b5548ad109f44de",1
"i-05b64b27e91f6b45f",1
"i-05b733997327b9ae1",1
"i-05b78fecf35fe525a",1
"i-05b95b149eed4df74",1
"i-05bf372e1008ba134",1
"i-05bff498165e7b94c",1
"i-05c4511a00283d305",1
"i-05c4da194c9408f50",1
"i-05c63404decebc149",1
"i-05c9f57e5bc2d04e2",1
"i-05cd8013150819416",1
"i-05ced4547d17f38b6",1
"i-05d321bcf05855cbc",1
"i-05d5210e8b1a6441d",1
"i-05dbb4ecca9d71d27",1
"i-05dc4d6c1cc35c4d5",1
"i-05de01b1a4117fd36",1
"i-05df0bdb82932edf5",1
"i-05e02c3a5c4fe7969",1
"i-05e25d209c2f897b6",1
"i-05e2e79f73f9be01d",1
"i-05e836b955ea1e9f2",1
"i-05e86872e3c393b71",1
"i-05e9156643352429c",1
"i-05eb05800ca3ccaac",1
"i-05eea29ffb9c27df9",1
"i-05eef75623a53c8d6",1
"i-05ef17946e43792d9",1
"i-05ef797a9ce6050d3",1
"i-05f007ff710dc8b2a",1
"i-05f1bf0aee68fd36c",1
"i-05f2c419b6a0678ee",1
"i-05f47d12d2dc090d7",1
"i-05f4a6201d859eedb",1
"i-05f5b7912644443bf",1
"i-05f6e775efe602f39",1
"i-05f886fb5bb78cda1",1
"i-05f96a8b4ba90f21c",1
"i-05f9795b6a1e59af0",1
"i-05f9d791cbb280e76",1
"i-05fa3fbafac090e1a",1
"i-05fca537c292aa386",1
"i-05fff14b4086849b8",1
"i-0602503d86be811d1",1
"i-0603309eb06e46c9d",1
"i-060698622cffe4601",1
"i-0607c16981ded34b4",1
"i-060a719f243fe714f",1
"i-060aa5850671a09b0",1
"i-060bde902bf111d68",1
"i-060de41cc7e2e3759",1
"i-060f83fde7f40e1b8",1
"i-0610b1770e1c29374",1
"i-06139e822ad921936",1
"i-06173044f076034e6",1
"i-06178b974fd57bf01",1
"i-0617ca1c1f44599c2",1
"i-0618448af5ee740d1",1
"i-061de327059a5d2cd",1
"i-061f8a1167d7fa180",1
"i-062179133386643bd",1
"i-06219200765d47536",1
"i-06222bb5f567cacdc",1
"i-06227f16fdb804c08",1
"i-06229c0c965ef28a4",1
"i-0623fef2548dee9ed",1
"i-06271b25fbef0a135",1
"i-062e49d2adfbbdb0a",1
"i-063425cbdb2aa7c85",1
"i-0634f24f7d2581315",1
"i-0635f3f048ba7b8ce",1
"i-063789752b5222be3",1
"i-06381dd011fe99e8a",1
"i-063cf2dc5881cd3c9",1
"i-06402c6c2c6dbb0b9",1
"i-0642b9f1f67862227",1
"i-06457ef2033d5ce59",1
"i-0647b247610c1b1ee",1
"i-0649640328523caaf",1
"i-064a40119d80809d0",1
"i-064cff57c39b40d2f",1
"i-064e5487007cc09f2",1
"i-064e60fb74ced9a4f",1
"i-0651d4a65f5d1b707",1
"i-0652282460c9074fb",1
"i-0654d33af7e6665c9",1
"i-0654da7f0f5ce1720",1
"i-0654f376934c30015",1
"i-065a3f2ad9d87b22b",1
"i-065a7fd2e3cf66ea6",1
"i-065bf34a0bfb1d152",1
"i-065dc5c32f38add00",1
"i-065ec970c57a94075",1
"i-065fab0272fb7050f",1
"i-0660b3589c38b2cb0",1
"i-066177f5b3297be3b",1
"i-0661e65db634b1a48",1
"i-0663dba6f166af56c",1
"i-06644a67ce721a22c",1
"i-0666ae53d52c1b8e4",1
"i-0668d654be3d099fd",1
"i-066af950e50eef051",1
"i-066f2ed68757798f2",1
"i-06710658311f5b249",1
"i-0671f9d9f4338224b",1
"i-0676630a0e1ae177b",1
"i-0677e3d50951e97c5",1
"i-06784e13f9ae4e2d3",1
"i-0678de4f05b98901f",1
"i-0678f5cd8964418fc",1
"i-067bb37f719c82694",1
"i-067c3b12945853dfb",1
"i-067d771ca58917007",1
"i-0681edd838e3f6bf9",1
"i-06836d08d8746c4b7",1
"i-0683cb2b30d49b988",1
"i-068971155023ca259",1
"i-068a6fe6ed543e76a",1
"i-068ab06bfe2ab1264",1
"i-068b3b8c6f64e5ba6",1
"i-068b5540edca47a70",1
"i-068e4b184791d9da0",1
"i-068ea0ef9c440b4d5",1
"i-06908cd2c0ac7753a",1
"i-069303c897d782214",1
"i-0693092ede9e5d875",1
"i-069420c5bf858c50c",1
"i-06946f1b292f115e1",1
"i-0694e167e6f4065c9",1
"i-0696314ab2fce34f1",1
"i-0696e6d37c631f17d",1
"i-0696f0988741267c5",1
"i-0697a8eb62c1cceeb",1
"i-0699254ce8d21b7a9",1
"i-0699e83dcf5efcff5",1
"i-069a06cce62c32f73",1
"i-069aacc1a81f8425b",1
"i-069bd155a5f41c32b",1
"i-069e0c6ec5a3f5c72",1
"i-069e6322c2ce45a2b",1
"i-069ea9c9bc6843ef1",1
"i-069efcf5fa93eb439",1
"i-069f1afcb8cebca5f",1
"i-069f9856b5450914f",1
"i-069fda02cfdc5019e",1
"i-06a24d8eb79e1b400",1
"i-06a3a991fd9f3f7df",1
"i-06a4582eb3fb0c5d8",1
"i-06a6ccb829b274e7b",1
"i-06a7c9975a3516c67",1
"i-06ad33ecebaddce8f",1
"i-06ada65d60e20c50f",1
"i-06af75a478b36d4d9",1
"i-06b476b146d7612c9",1
"i-06b543f1e89a5aee8",1
"i-06b626ce048cd0796",1
"i-06b86b0e0a93d7f18",1
"i-06ba7702925b0497c",1
"i-06ba908f04bd56d22",1
"i-06bd60bbea2fb1a63",1
"i-06be3c6ed62f7cbf3",1
"i-06bf31acebcb46a38",1
"i-06c0c49fe5a67639d",1
"i-06c25aadea8694f2f",1
"i-06c317718d2b498c1",1
"i-06c5c69fa060706cf",1
"i-06c77e6430f846967",1
"i-06cd999aed942fcf1",1
"i-06cf10a0fc541e6f0",1
"i-06cf3f0cf603cf9f5",1
"i-06cfcfcd9027052c7",1
"i-06d01c767eaa0422a",1
"i-06d22e8f338f7bece",1
"i-06d2d7b7c7040fec2",1
"i-06d5a0f2ad6bb6ead",1
"i-06d5cd5d2064334d5",1
"i-06d623c46bbf987a5",1
"i-06db7f8b0d87165fd",1
"i-06dd2af86740f5585",1
"i-06dd63decec6e595b",1
"i-06ddc61ddb8258569",1
"i-06de56bc4ea058fda",1
"i-06dfa778f0d8bc199",1
"i-06e0b33f9d7c4622a",1
"i-06e4580f7cc97f457",1
"i-06e52406d422974cc",1
"i-06e628a35159a1037",1
"i-06e6f14eb3c60e97c",1
"i-06eb60f88578e01e7",1
"i-06ed0f9bcd6e62a54",1
"i-06ed4067978cb38e5",1
"i-06ee6020f07c2ba29",1
"i-06f19dfd89b09fa42",1
"i-06f501e17b50c4176",1
"i-06f73f4bb97a1bc63",1
"i-06f9428a897ab1b79",1
"i-06fac5b0e9e632495",1
"i-06fc4fa5d9101921f",1
"i-06fe124bc744d93c9",1
"i-06fe4dcd00eaee99c",1
"i-07001bd0b24c3c72a",1
"i-0700aa777c336f271",1
"i-07052edca99ee15b3",1
"i-070847d22b840d4f1",1
"i-0708516969a6099ff",1
"i-0708b575dd90cc975",1
"i-070c3e37605f01844",1
"i-070c50d50ba09281d",1
"i-07100933533cb8720",1
"i-07118904be35f5068",1
"i-0713d953d6963b5c9",1
"i-071645d901810c329",1
"i-07175ba1c3cb79e0d",1
"i-0717fbf3e35764d56",1
"i-07184002fbbde59c6",1
"i-071a9dbfe9e806dc0",1
"i-071d12b5febc622eb",1
"i-071f58b8c82772919",1
"i-07221c5eab13526a2",1
"i-0723a5630338f58de",1
"i-07250ca7475cbfd8b",1
"i-0727dce96bc533b5d",1
"i-072ea3cf07de17210",1
"i-07319c096f348a37c",1
"i-0732a52dc896b971b",1
"i-07347a25b66c0120a",1
"i-073c0aabe27f0a7b6",1
"i-073c619ec60c0846b",1
"i-073d0450673e7b1f5",1
"i-0741d8b40f2420d42",1
"i-074224399cc24fa96",1
"i-0742b8233439b84ad",1
"i-074534cc9e6b189a5",1
"i-0746961a13b9e80dc",1
"i-0747b1e64dce78f8a",1
"i-0748c289609e1e410",1
"i-074b1be34608af2da",1
"i-074b551ded810c755",1
"i-074bcc061b44157a6",1
"i-074d08f36ad8303e2",1
"i-074f7dcdc1f199394",1
"i-074fbae780e27920f",1
"i-07511fb3bac30612a",1
"i-0752f743476b2e63f",1
"i-07535bc0fa01579e7",1
"i-07536c4ec400e0740",1
"i-0755010bc453299b9",1
"i-0755790d1fa276f32",1
"i-07565a53a3de3f11c",1
"i-07597f5bce1d8523f",1
"i-075aa878493b607e6",1
"i-075bdbac5986a5460",1
"i-075c68520428b3e1c",1
"i-075cd1d217e33ef3d",1
"i-075d04893e1305499",1
"i-075e1bcb8d6bfa71b",1
"i-075e8c07840b6549f",1
"i-075fb23d3dbcc3e72",1
"i-0760be1106371888d",1
"i-076170be2aa3f6ae0",1
"i-0768b8ab9727944b7",1
"i-076ae473a4816437d",1
"i-076c4af247c25d87d",1
"i-076d5966ee33be990",1
"i-07713bf79db87e382",1
"i-07726a6b998ca51e4",1
"i-0772aa1a6626ae33c",1
"i-0773f3e782e0f3990",1
"i-07753608319e362db",1
"i-077666f74b2eea92a",1
"i-0778feba80959412e",1
"i-077aa1b58264268e9",1
"i-077b851415b20e9cd",1
"i-077d553780803b6a7",1
"i-077ffd10522a0178d",1
"i-0780831b15b92c1f7",1
"i-0782a61ef10985bdd",1
"i-0786d179fb5181505",1
"i-07877b16987b19781",1
"i-0787e2c319c85bc30",1
"i-07880d5bb028f40ea",1
"i-0788b50c1df183977",1
"i-0788d84cec1292cd0",1
"i-078a357cf38169f27",1
"i-078cee69cbfcf1ea3",1
"i-07904650b7864e5e6",1
"i-07934555601075315",1
"i-0794a09de0b8d46e7",1
"i-079726820f3dbb9da",1
"i-0797b3d2d06833d8c",1
"i-0797c6f0832c167af",1
"i-079851a6b3232c0a8",1
"i-079a9c8f1201cb400",1
"i-079ac254005325e4d",1
"i-079d045f6c1b9c8a3",1
"i-079d71672b8a8ea95",1
"i-079e34cd06ff753c0",1
"i-07a38ac3b674ff970",1
"i-07a5fb72458eaf748",1
"i-07ad28bfb99e41fed",1
"i-07ad431223c6f18b8",1
"i-07ada9e750fdbb395",1
"i-07ae2fee063f4df42",1
"i-07ae6ad3a205d465c",1
"i-07b01dcfff8ed7d4b",1
"i-07b0a3972edbaee66",1
"i-07b3ee37783c5998f",1
"i-07b43d16c18055d17",1
"i-07b6c783c2b920ad5",1
"i-07b820e7eb1af3516",1
"i-07b879665c92cdbeb",1
"i-07ba65c5943515c00",1
"i-07ba7821a2d424764",1
"i-07bb8381be8af5829",1
"i-07bbc355d8224e1c5",1
"i-07bbeeca78aea9059",1
"i-07bdaece77e71725b",1
"i-07be1d6dfa4049305",1
"i-07c01017733ba5c0c",1
"i-07c051ba38621b89e",1
"i-07c1f32b4e77c244b",1
"i-07c34b7d6b93b7d03",1
"i-07d04107a08016ef7",1
"i-07d162f9441017add",1
"i-07d1cbb7dcb5fa0bf",1
"i-07d49df022625c957",1
"i-07d8bfccba6d40b53",1
"i-07d963d0e6bf88c0d",1
"i-07d980d028d645cde",1
"i-07db82c498114851b",1
"i-07dbb60d475a9bdf8",1
"i-07dcca4ddeb840e1d",1
"i-07de523b63adae869",1
"i-07df3366a16fde6f1",1
"i-07e0c7fb3b41a0733",1
"i-07eb5e450c51a24d1",1
"i-07ebb3c1b1e4bfe1c",1
"i-07ebfc8e4db5fce7e",1
"i-07edd73f8e5945214",1
"i-07ef12f914d2b85ba",1
"i-07f08efd44397226d",1
"i-07f24a6a26b53e90d",1
"i-07f2bcda8c1e9c2e1",1
"i-07f3e14b40de33291",1
"i-07f58b72b766eddef",1
"i-07f5f4f5900d7da73",1
"i-07f79d980bdd786be",1
"i-07fa729505adc8230",1
"i-07fcced3502540087",1
"i-07fee5fe052541f34",1
"i-0803298866121f446",1
"i-08047a28a91a77bd1",1
"i-08047b0e9053046c0",1
"i-08080658735650216",1
"i-080a8ac1a218e9f0c",1
"i-080b90d34983e827f",1
"i-080bb16d46af550d6",1
"i-080e6d72b2daefc65",1
"i-0810f0980a688b274",1
"i-08123e5a0bb6d3986",1
"i-08151ae158836cdec",1
"i-081702a5fd75ac3cf",1
"i-081821e37d9d51437",1
"i-081d296a6b9b18734",1
"i-08222616b5e09290a",1
"i-08223809e37410610",1
"i-082264c788b3cab4a",1
"i-08235b40ee26b7191",1
"i-082492e6c12e5d39c",1
"i-0825d12197a17f132",1
"i-0826e4fe5dadaffb8",1
"i-0826ed1c362ea9ade",1
"i-082718d58a80ddd8b",1
"i-08279638ff1013f19",1
"i-082b0b1811129a807",1
"i-082be12f77688bd14",1
"i-082d55f56e6345401",1
"i-082dab99d4a1778f1",1
"i-082e9d5cc75796012",1
"i-082f07315a01d1c90",1
"i-082f5acf647d6485a",1
"i-083020c7a6e48b2c9",1
"i-083114c3a23b7c5b2",1
"i-0831d7b9e773751dd",1
"i-08320ee9f578efd47",1
"i-0832da8c3f8b409fe",1
"i-0834ec7b7c93bb472",1
"i-08361324762ef8734",1
"i-0837fbb05549b8f33",1
"i-0839efd89f9f6118a",1
"i-083a010edd21f3613",1
"i-083a94507e4f88d06",1
"i-083bd8d663c8d6eb4",1
"i-083bed49256a4cf31",1
"i-083e07d6bfbb06359",1
"i-083f03cb0fc1432c6",1
"i-083f699df55753fcc",1
"i-084051aaae693909e",1
"i-0842d71e4a9253164",1
"i-08432be7a4c5626c7",1
"i-0846757bdc3b34193",1
"i-08491b3ed72178be8",1
"i-0849ae3033b4fb6dd",1
"i-084ac3740a541097d",1
"i-084d7ecfc11ba804e",1
"i-084e33804ff8c207c",1
"i-084f58da55faa8b15",1
"i-085044c0c16166c94",1
"i-085076fe5f324b426",1
"i-0854ca3897a472ef2",1
"i-0855cd87c39ab30d9",1
"i-08561cbd5fb902393",1
"i-08582264abcd6e114",1
"i-085880b461b407e7e",1
"i-0859c839bb05dbb98",1
"i-085b9ed30e6a1f6c8",1
"i-085cdb3c6f8ac3248",1
"i-085db7befdb7666ca",1
"i-085e33e6c52b7d30b",1
"i-08607bb74fc06d54b",1
"i-0863b7987836bc35a",1
"i-08642330edf5901e7",1
"i-08652a5a8c6b8e856",1
"i-086929d38e8bee81b",1
"i-0869a7701cf174aa6",1
"i-086abe2c90f552ac3",1
"i-086df3f70483955f1",1
"i-086eefa6a4a5ed69e",1
"i-0870f531b5059cd87",1
"i-08713fcba5ae4d298",1
"i-08742512148075cd7",1
"i-0878ec1d7d1d9d0eb",1
"i-087ddbc6a622fbb4f",1
"i-08800ec6f2ca9af5b",1
"i-0881007fa2a164421",1
"i-08853709e7a2a1430",1
"i-088b9ad6ac08e12f1",1
"i-088c2d93d616ac256",1
"i-088c801cabf7e3fc0",1
"i-088fb3b4bd71ea631",1
"i-089015f4ebf7cbfa6",1
"i-0893ac93532eb349b",1
"i-0893cc9d498ecd1be",1
"i-08992bc3828095ccb",1
"i-089aa93bda18f595e",1
"i-089ab3d4466ea3b0e",1
"i-089dbfceca2ca18e5",1
"i-089e131caac783b2a",1
"i-089e22c2689678c57",1
"i-08a46ea6b0211a64d",1
"i-08a55c0032263ca23",1
"i-08a7c45b87cdb14a2",1
"i-08ab65e44ce770571",1
"i-08ae27862e7ccf7b6",1
"i-08b3ecc00a3611f55",1
"i-08b4b10143b4cb381",1
"i-08b4dc247b6d353b3",1
"i-08b4ff455f2bec494",1
"i-08b7520c83a191663",1
"i-08b839e0da1243b75",1
"i-08b97769a9947c923",1
"i-08b9ee184bc1850db",1
"i-08ba1f022baa43ae6",1
"i-08c07bedfe35ed9c9",1
"i-08c1536b5885c4b70",1
"i-08c3e6a68e9f3444e",1
"i-08c753132f06a0d85",1
"i-08c7958f1f9e38256",1
"i-08c7b9a4da1d3da45",1
"i-08c886620117ec38b",1
"i-08c8ecc68cb6fe93e",1
"i-08cd2bb65309eb120",1
"i-08d249e4efb8ba1f9",1
"i-08d30b4ce0125d495",1
"i-08d5f5df389625a25",1
"i-08d7a30e4953297d8",1
"i-08d99d67542a9ec2d",1
"i-08ddde0d2bd7bd7e6",1
"i-08de711236e1fc4c7",1
"i-08df01f75f6d1fc82",1
"i-08df53cca9bda0a59",1
"i-08e06cbf535dd1114",1
"i-08e1795f851238976",1
"i-08e1cd4cad1d4c77f",1
"i-08e61c2e081a4dfea",1
"i-08e8cf2f4c04a00bd",1
"i-08e92b315259d5e1d",1
"i-08ebb9b9b8d6c224c",1
"i-08ecb728ebd54cf5a",1
"i-08ef292b84b1b2ef5",1
"i-08efb1918d4527009",1
"i-08f03c05954cfd2df",1
"i-08f06cf3e7f520b46",1
"i-08f2639bb9f961f10",1
"i-08f32f8c2873edb55",1
"i-08f6c937e8e9d3f9f",1
"i-08f6f5ae65b3eb98b",1
"i-08f71aac06b88b943",1
"i-08fae708878e3508d",1
"i-08fbe756192c3964d",1
"i-08fc4e0481737fff3",1
"i-08fca5798ed2bfc58",1
"i-08fe257fb37d7c45c",1
"i-09025b24a56cfb9ef",1
"i-0903c65ee475f4719",1
"i-090534b1a7dfd747b",1
"i-0905d4a0672c9bcf7",1
"i-09076462b8d3268b8",1
"i-090ac87f26dd8d358",1
"i-090ade5ac02498cdd",1
"i-090dae37948fd6570",1
"i-09116302dc53e4df5",1
"i-091321026399f496a",1
"i-0913fd5c7d45304c5",1
"i-0914afffc05ed8a16",1
"i-0915d31c2547fb686",1
"i-091721891dce894f8",1
"i-0918100d23514ab78",1
"i-091abd07deef124e8",1
"i-091b695bf650992f5",1
"i-09211ab8d32b5dc9d",1
"i-09232385a3e53e871",1
"i-0925318d6e6ab8257",1
"i-0927bc80475e81d36",1
"i-09286a25e03272b70",1
"i-0929e20f97d1909c3",1
"i-092cf52c675a6458e",1
"i-093265bf65ab7ca70",1
"i-09332352de5ffc84a",1
"i-093349963902121e6",1
"i-09336fcf99b6c4c49",1
"i-0933b8e9e42b9ebf5",1
"i-0935ecb79e4f509b8",1
"i-093882ce24bc53ef5",1
"i-09388cd9459205cc5",1
"i-093a5d15b12166b53",1
"i-093bd01aed8dbc18a",1
"i-093c92c89e401c8be",1
"i-093da31e0f6d7e949",1
"i-093db14001ecf01d4",1
"i-093e34bb87111e14d",1
"i-09427f55922b872eb",1
"i-0945bae9118a2b35d",1
"i-0947998a2d023a091",1
"i-0948926cc20f8d25c",1
"i-09497ba3b06e850be",1
"i-09499e620e1d1a97f",1
"i-094d46df4fa2e7563",1
"i-094d51346a90da13c",1
"i-0950fe7db9726a403",1
"i-0951412546e549ac9",1
"i-095454a97b01fb591",1
"i-09557df98cf0119f6",1
"i-0961cae630a323f12",1
"i-0962459504a2a5617",1
"i-0962b08c8da78cb7d",1
"i-0968ee1e2098ea488",1
"i-097081b3ad8f4efed",1
"i-09737541e1930ec22",1
"i-097384d1bbe2f50e3",1
"i-09748fce2f5931ddc",1
"i-0974c9d83e55428ab",1
"i-09778d04912ce8f26",1
"i-09784a8045efb0be0",1
"i-09798aef910ed9c6d",1
"i-097a7aa6887b158b5",1
"i-097bcd1c3a2a0cb51",1
"i-097c750b364d2b4f2",1
"i-097d10d438108c528",1
"i-098496b4efd5fb781",1
"i-0984cf08965263b81",1
"i-098c106f99b9809dc",1
"i-098c231190c894345",1
"i-098c2693a1fdbec03",1
"i-098d426b8aaf062f2",1
"i-09918e57127623934",1
"i-0992ce57bed033b59",1
"i-09959d0063fced5d3",1
"i-0995a44491f16db67",1
"i-0996cd25cea337d3a",1
"i-099a04037883f20d3",1
"i-099abb90bdf2a7eb4",1
"i-099d20534d31783a0",1
"i-099de65d7c1e21b05",1
"i-09a12ba8a9a10f135",1
"i-09a52ff8d0fed1472",1
"i-09a8ddef151ac658f",1
"i-09a9d480c2ab135d4",1
"i-09a9f9e04010d49fa",1
"i-09abdfacba3122cb6",1
"i-09ac11415daafe069",1
"i-09ac55758e08dcaf0",1
"i-09ae57dbd478e3f3f",1
"i-09b03fa6fb042328c",1
"i-09b175a76155ab238",1
"i-09b2cbff860f81738",1
"i-09b34c7d81671b448",1
"i-09b3c1b9a7106bc88",1
"i-09b4d0ea6bbba3b06",1
"i-09b72774a82af71f8",1
"i-09b821678632d1522",1
"i-09ba476303140c4ef",1
"i-09bba1a384479b00e",1
"i-09bbf98ab44df945a",1
"i-09bfb3df0f14a9d41",1
"i-09bfbbfcd8e9bdbd3",1
"i-09c4f813214263a63",1
"i-09c50030e7d8ebb1b",1
"i-09c5dd8bb85a41390",1
"i-09c8b40e7201b2ac0",1
"i-09c92e9455db2d75e",1
"i-09cbd932080160fdd",1
"i-09cc3ac225eb507ce",1
"i-09d1a539a0e4f61b9",1
"i-09d434f8d3e9bcb58",1
"i-09d4fdaa2dd2b0b48",1
"i-09d918b0df7a652b9",1
"i-09da0944c17322aa0",1
"i-09dc0e964840cc6f7",1
"i-09de55b90486d5b65",1
"i-09df31e00aa39abd5",1
"i-09e6459115f3c538c",1
"i-09e8d5f9075a29ed2",1
"i-09eefe49bb69df2a9",1
"i-09f1132bd7095332f",1
"i-09f8d3321fa0e26bd",1
"i-09fba0f716f08f282",1
"i-09fcc25595f399cd9",1
"i-09fd0408d1e98a9ea",1
"i-0a020d75acfdea3f4",1
"i-0a03d04f20cd990e3",1
"i-0a03d0b4da5cb81df",1
"i-0a0772162f9734b88",1
"i-0a0890af7cdb3b95f",1
"i-0a0b319bc33cd82e0",1
"i-0a0b7a7ac4accde87",1
"i-0a0ea454a91728ae7",1
"i-0a17cda9dd1fc7cb8",1
"i-0a18e05ba295f0cba",1
"i-0a1a4eae9a0ebd687",1
"i-0a1a8eeed23fb6c04",1
"i-0a1a9d08095fad061",1
"i-0a1b9b678f7957560",1
"i-0a1f45878175661fa",1
"i-0a1ffaea6ac565529",1
"i-0a204621c89759d32",1
"i-0a2058842c968c245",1
"i-0a2298a8aa975b8d1",1
"i-0a22d0ca0956bb771",1
"i-0a25434ba56dd1f13",1
"i-0a2602ffc344a93d3",1
"i-0a2658b1dfea69dd7",1
"i-0a26f2623aaf8de40",1
"i-0a2824f1ec3da1848",1
"i-0a28ee011fb087925",1
"i-0a2c3501455af7015",1
"i-0a2fe2cf54572073d",1
"i-0a30e21fa4e7c2208",1
"i-0a31d955bfb935f2b",1
"i-0a32d649695814aa9",1
"i-0a33a7f51ef99fea1",1
"i-0a35b995a40ae6107",1
"i-0a36fd85d2841c1f9",1
"i-0a382467c86421798",1
"i-0a3eabfff6976b9dc",1
"i-0a45245e4309affb0",1
"i-0a470ba3ff569509e",1
"i-0a4738a91e7da766a",1
"i-0a47437dea4a1ba6a",1
"i-0a48fe0bd040179b6",1
"i-0a4bd0cf93aecb890",1
"i-0a4cfc884b41f0130",1
"i-0a4d3f75d5086b9d2",1
"i-0a4d4352a96f548c0",1
"i-0a4d4e7c73d45352d",1
"i-0a50ed3e2b78c2f49",1
"i-0a51f9c7b11389709",1
"i-0a5231d5d6fd66ad7",1
"i-0a54649ba786bab8b",1
"i-0a54a5e1e1e2aad97",1
"i-0a54abc2be6de31df",1
"i-0a55cb0eee8fc1f76",1
"i-0a56fe134be348539",1
"i-0a593bd532e8b902d",1
"i-0a5a8c48356fe1658",1
"i-0a5c897f687ce4fef",1
"i-0a61e829519e88f9f",1
"i-0a62c80d9986719a3",1
"i-0a63383baf73529dc",1
"i-0a6414458c389c4af",1
"i-0a64971c1c9041ca0",1
"i-0a6549abe42da6fd4",1
"i-0a68da3948a1ff969",1
"i-0a69516bd6492cb97",1
"i-0a697f6378cc44b83",1
"i-0a6b6497697117d2e",1
"i-0a6ccb25b2c7b65dd",1
"i-0a70525fa88cfad09",1
"i-0a724f06ae1335b2a",1
"i-0a742d5a9e96af4b7",1
"i-0a7507571c4e9aefe",1
"i-0a7722488dc925008",1
"i-0a772fa7d837b8389",1
"i-0a7807d47cd340bdb",1
"i-0a794c4524a767a06",1
"i-0a79e68017211935b",1
"i-0a7a5ef5f7247f084",1
"i-0a7a9d1a56b938bc7",1
"i-0a7bbe9adc6b4566d",1
"i-0a7bc6d50d6abe8f3",1
"i-0a7bf69af8e4c33fa",1
"i-0a7cf640c6e49bf43",1
"i-0a7d882fc7b056f7b",1
"i-0a7e403b34b05511f",1
"i-0a7f86819bcd3a638",1
"i-0a814db1b63b8b71e",1
"i-0a815a663cbbcabdc",1
"i-0a81fa878b8b37bf0",1
"i-0a844e312516282e9",1
"i-0a8695b28100cdcf4",1
"i-0a888310f714719d3",1
"i-0a89b368c02241db5",1
"i-0a8a82112eef964c9",1
"i-0a8ab0c391201c022",1
"i-0a8ae80f9cdb59002",1
"i-0a8e3837a08e0b94f",1
"i-0a8ffa86f748c3166",1
"i-0a913e480eb7f67f1",1
"i-0a99c685ba191a53d",1
"i-0a9b82dc1ff49ffe4",1
"i-0aa0b9dd4c6906a0d",1
"i-0aa43821fc201f1d8",1
"i-0aa522aa9a14bd0c4",1
"i-0aa5cc46996738c07",1
"i-0aa5ceb0a17167222",1
"i-0aa98b3c3afaa4217",1
"i-0aaa80a3da2a99ed8",1
"i-0aab0c8933b1fb443",1
"i-0aad29a0d2db34bfe",1
"i-0aad80ae3891700b8",1
"i-0aae606e74ebb8fa8",1
"i-0aaef4d4afa6381ee",1
"i-0ab0502d4e259ee5d",1
"i-0ab2cb430c4a73a64",1
"i-0ab2cc86cc16ac700",1
"i-0ab54070222cac249",1
"i-0ab59746e4363fdc6",1
"i-0ab798755cc6cff53",1
"i-0ab87cbadbfbe0fd8",1
"i-0abf7221e52294b51",1
"i-0ac0438bcbdf57f00",1
"i-0ac4c4eb498d604a6",1
"i-0ac6432a42ccb0310",1
"i-0ac69c7cd775e9b5b",1
"i-0ac7e7a4a3e41ffad",1
"i-0ac8ed73415099def",1
"i-0ac9b25171c67c079",1
"i-0ac9c6950058c8b6b",1
"i-0accf9263dab39707",1
"i-0acff5c90e506a717",1
"i-0ad107f0f3d5a3e4b",1
"i-0ad3d7dc09692ee22",1
"i-0ad5118c8224cac99",1
"i-0ad5cd94733cca365",1
"i-0ad86e09f99880dbc",1
"i-0adbb928307c36ce6",1
"i-0adbe1b39658bf06e",1
"i-0adf39ffe43e0c0f6",1
"i-0adfbb9adef5e148a",1
"i-0ae51f4b408960f3d",1
"i-0ae7178235e1551a1",1
"i-0ae753ebc6edd1e73",1
"i-0ae7915b627199d18",1
"i-0ae7a46582a6a4666",1
"i-0ae92a8dc4a5ba8ae",1
"i-0aeb9136a8d7bbbf4",1
"i-0aecda5784aac9251",1
"i-0aee0bfd77dbd66e3",1
"i-0aeeab53750e81d14",1
"i-0aef0476c1b9f4475",1
"i-0aefd02cde65dfff9",1
"i-0af1a6a8c9032e0d8",1
"i-0af1e2d048481f7c6",1
"i-0af2150579fcbec87",1
"i-0af2334cfa3473eb5",1
"i-0af4379e4378b1ca6",1
"i-0af69c42b6842d150",1
"i-0af740701c08a523b",1
"i-0af8f736f95f37700",1
"i-0af979f3dfd6c90b7",1
"i-0afa300008a642437",1
"i-0afaa475cdf808059",1
"i-0afad8f4f74e0acd3",1
"i-0afd870b0dedb33fc",1
"i-0afeb86dd8145f754",1
"i-0aff9c505d0fc8c02",1
"i-0b04b8e2e9d3c2a86",1
"i-0b059ab1c5ef83b5a",1
"i-0b0776c0fa437c845",1
"i-0b087c16787ee1843",1
"i-0b091e186abb71a00",1
"i-0b1034e1f5ec220c4",1
"i-0b10db64272c6a74c",1
"i-0b117a0ff40361c55",1
"i-0b13388764a8daaa0",1
"i-0b134c66960aa38b1",1
"i-0b1482d963da93022",1
"i-0b1649f0aae9b370b",1
"i-0b16e162d29901e9f",1
"i-0b1751f6df80b8e2c",1
"i-0b175d769da135f07",1
"i-0b18ade18a880c2f8",1
"i-0b19007eb75b5911d",1
"i-0b1b0ac072b3cd615",1
"i-0b201f42d3435996a",1
"i-0b20cb40fe6e5e8a9",1
"i-0b221b53354fe9a64",1
"i-0b23b39c37ff5f175",1
"i-0b23e3c747122f0e1",1
"i-0b27d683dd4a3d901",1
"i-0b2b70122443bbdbe",1
"i-0b2bfd2c5b625d0f6",1
"i-0b2ea3cf6563dec3c",1
"i-0b2f120d2c2e8d050",1
"i-0b3001fe01e7915c8",1
"i-0b3018ac85a159472",1
"i-0b312dbd0a568f3c7",1
"i-0b318e1d960621d21",1
"i-0b318f671eb9ac5f9",1
"i-0b31bb61fc3a322f1",1
"i-0b327979a91e99c88",1
"i-0b334119e7314136c",1
"i-0b356a9ffc4d5ef6d",1
"i-0b3809a9ef7abce16",1
"i-0b381ac64f038dbf8",1
"i-0b39e569676f53143",1
"i-0b3cd4f8f2337652a",1
"i-0b3ea723b4a6fb3f4",1
"i-0b44c56a340cc9df5",1
"i-0b4727787ffb85c83",1
"i-0b4e074a78ca2da31",1
"i-0b4f615aac2de9b2d",1
"i-0b4f7d9826155926b",1
"i-0b4fbb8d43127de9f",1
"i-0b53cb3aaae678c47",1
"i-0b53faba2d55e8910",1
"i-0b56840482d3cb649",1
"i-0b56a3ec93eb1df31",1
"i-0b571f1d77502c0f1",1
"i-0b5a3b427dcc6afc0",1
"i-0b5a544be86aad1fe",1
"i-0b5b931e50bc8a192",1
"i-0b5c52cf8e8712bbf",1
"i-0b5dc3248408aa00f",1
"i-0b5e176bed3f89fd3",1
"i-0b616382f1eae8ae3",1
"i-0b623118e991848cf",1
"i-0b63b035cb131188d",1
"i-0b64cc0e76b368d6c",1
"i-0b68623cdae683139",1
"i-0b6877636f0bfd409",1
"i-0b6ebc3be51817d66",1
"i-0b6eebb924b1a8b85",1
"i-0b6f3b978593f5226",1
"i-0b742a1974b9b36b5",1
"i-0b746d3bbc6856d4c",1
"i-0b753435830b19811",1
"i-0b7575c02b7c2dc28",1
"i-0b77185112a9c5e2a",1
"i-0b771d13463c5adc7",1
"i-0b7788b9fa6a962f7",1
"i-0b7b4c018fdb54a2a",1
"i-0b7c3c694df50060a",1
"i-0b7cfcbe065f19555",1
"i-0b7da2f1219cb0b60",1
"i-0b7df169f9dc3b290",1
"i-0b7e8958b2383000c",1
"i-0b805478f7b437f57",1
"i-0b8161a699b416186",1
"i-0b826833738288bb4",1
"i-0b8428022f4eca580",1
"i-0b84676b9d7c8f2a1",1
"i-0b87abb7001eb78ce",1
"i-0b896c7b8781fe4c5",1
"i-0b8a57ccdfd2116a5",1
"i-0b8b16068de794406",1
"i-0b8b8a0b4f257d09e",1
"i-0b8c76017b13d911b",1
"i-0b8e4e4193febd66a",1
"i-0b8ed6fe32478d3ba",1
"i-0b9397a138ab03c46",1
"i-0b945deefe07e5cb4",1
"i-0b94ef1b97685ada9",1
"i-0b97723df154b15b2",1
"i-0b992283f8ddb9e2d",1
"i-0b9971d04dead41ec",1
"i-0b9b88857282cc5e1",1
"i-0b9f034b5cb9c7ba8",1
"i-0ba0dd4bbd2728777",1
"i-0ba0e98ccc716167b",1
"i-0ba1a391cac44fd76",1
"i-0ba6d4a38241baf83",1
"i-0ba9a5a1012b467b5",1
"i-0baa8732730ee3234",1
"i-0baa9529dcfddebde",1
"i-0bab9bcafec4f0fd0",1
"i-0bb12b0e7229a19c2",1
"i-0bb5f17c31f023d20",1
"i-0bb7162898546dee5",1
"i-0bbd118d4ebd9cfbb",1
"i-0bbe2daa6e6d5b7de",1
"i-0bbf9d802c7805812",1
"i-0bc24a6fb99ef3ec7",1
"i-0bc27515e732768ad",1
"i-0bc3178c6a0f0e920",1
"i-0bc5e21691f0f577e",1
"i-0bc6be79b6ca84b48",1
"i-0bc95566ff19cce0c",1
"i-0bd021cefc3b76076",1
"i-0bd152a49bfe88131",1
"i-0bd159f3471118de6",1
"i-0bd46548e92a3757f",1
"i-0bd470381d60b5151",1
"i-0bd80563f855fc166",1
"i-0bd8b40cccae9acab",1
"i-0bd9113d701318b40",1
"i-0be40b73a6c6d3e37",1
"i-0be92b95093821623",1
"i-0be9889af80cc8bba",1
"i-0bea00b33763dcb8d",1
"i-0bea5ac7045067d09",1
"i-0beca9fa7f7fce41e",1
"i-0bee029db232a0ec6",1
"i-0bef8e9522ebfe7d5",1
"i-0bf0995860a19c203",1
"i-0bf0a41691359ceb2",1
"i-0bf0afd890f487b25",1
"i-0bf12987b76295bec",1
"i-0bf1603036e54057d",1
"i-0bf1d20a9d86e5a88",1
"i-0bf28b59fb3af84b5",1
"i-0bf410b76b4153a30",1
"i-0bf4ebc37a6d44c7b",1
"i-0bf4f843fbc537255",1
"i-0bf5edf00659cc8a3",1
"i-0bfab03ba1f8ab5df",1
"i-0bfc0f32f46fddaa2",1
"i-0bfe03833bdd7b5b8",1
"i-0c01675854b7649e7",1
"i-0c0558f22e887b6cf",1
"i-0c05cb63772642da1",1
"i-0c077e167eae46584",1
"i-0c07ad27eb0ef85c2",1
"i-0c07edab6a26608a9",1
"i-0c08073562c433f37",1
"i-0c0b232eff998693a",1
"i-0c0ee14d65b843093",1
"i-0c0ff164256381c5b",1
"i-0c1146df8cb475e19",1
"i-0c12719e7ad465a60",1
"i-0c134e895049c40a6",1
"i-0c14453f135d09d23",1
"i-0c1549e658a6d3edd",1
"i-0c15ead91234ebb86",1
"i-0c1c34e80256ed115",1
"i-0c1fcfa7f27e66fff",1
"i-0c209b1121f5e7cd3",1
"i-0c23e0d2da132a5ce",1
"i-0c24c6fe13468f09e",1
"i-0c274f626b818b1e1",1
"i-0c28376991471db30",1
"i-0c28554c79823f757",1
"i-0c28fe863e568f246",1
"i-0c2e978ca2d0cb5fd",1
"i-0c300a88400271d9c",1
"i-0c3240a219974c276",1
"i-0c3307ab4d2f0c0aa",1
"i-0c3564552bc1d5425",1
"i-0c3602930bff155b8",1
"i-0c3a1d86c52fb40d0",1
"i-0c3a482e432b9a52c",1
"i-0c3b393f9dbe89abe",1
"i-0c3e2204ccf72428e",1
"i-0c42bcb1badf51395",1
"i-0c44b3fa8ec998ba8",1
"i-0c45912b7a3b6dab7",1
"i-0c45a2b962920a1f9",1
"i-0c467242b09bd643d",1
"i-0c4a907d9562af38a",1
"i-0c4c0511cd81f938b",1
"i-0c4dbe027716bec21",1
"i-0c4e56b6abd0f573f",1
"i-0c52af9776613da8f",1
"i-0c56643efa9ddb795",1
"i-0c5c6f3242bf8d7f0",1
"i-0c5d7a5ef381bc49a",1
"i-0c5ecce4eb44d89ed",1
"i-0c61c55775c04760d",1
"i-0c64511f515f6ced2",1
"i-0c64dee5f6a917fe9",1
"i-0c679ed31ab8ccf74",1
"i-0c6aaaef93b0c20fb",1
"i-0c6b68bdefea07201",1
"i-0c6f94a5138740052",1
"i-0c714e687a2d9e7c1",1
"i-0c7357863121a8fc0",1
"i-0c748f045713dc823",1
"i-0c7925048ce0bc20f",1
"i-0c7a1da3d0f79105e",1
"i-0c7a69d7cb468a33a",1
"i-0c7a75b6398378795",1
"i-0c7da98566dad3f66",1
"i-0c7df6dca3803d725",1
"i-0c7f313df321f80bb",1
"i-0c7f499076e2c2573",1
"i-0c7fb7eb86c5fe685",1
"i-0c8199c131bb7a94a",1
"i-0c81b036d650a33d4",1
"i-0c84aa33bf6890fad",1
"i-0c89adf26312d654d",1
"i-0c8a330a634db8c17",1
"i-0c8d82db68c262b11",1
"i-0c8f4f6168c4caea2",1
"i-0c8f5ee5ae299ef01",1
"i-0c900cc58a25d7bd1",1
"i-0c903bea08ceb1310",1
"i-0c9206edc1546dc6b",1
"i-0c9452908b366d69a",1
"i-0c95c4efc69d3a1a3",1
"i-0c96341a5782337a7",1
"i-0c964761d4436f702",1
"i-0c9818bed3cb7149d",1
"i-0c9893dfd624bf103",1
"i-0c9c78ebe97287d63",1
"i-0c9cf01269073aae0",1
"i-0c9df348b2413919c",1
"i-0c9e48e3a99a61544",1
"i-0c9f79e339e4fb3fb",1
"i-0ca00db3c6aff3fd3",1
"i-0ca0f6825f44f7a78",1
"i-0ca36a31aeae25f22",1
"i-0ca724b84d1a43a73",1
"i-0ca830c0adf54b685",1
"i-0ca8b144871a1b308",1
"i-0ca9edbdc19ec499c",1
"i-0cab04e2f3f3f3735",1
"i-0cab1b0fcd3c2afb3",1
"i-0cad9d54e21104184",1
"i-0caf62dd9f6dd7873",1
"i-0cb15701fd3a6133c",1
"i-0cb375ac73c60ac6e",1
"i-0cb57201b26042202",1
"i-0cb6cb22692e64daa",1
"i-0cb7157915e7b3865",1
"i-0cbb2f090b0aec318",1
"i-0cbbb2d20ba938fdc",1
"i-0cbccfc735177c73a",1
"i-0cc25925bac7e579a",1
"i-0cc475621d5b7ba44",1
"i-0cc4ffb781755d953",1
"i-0cc579586c3ddbec1",1
"i-0cc847b792e374df6",1
"i-0cc9b01f8c42b5b3c",1
"i-0ccb85ad29fff8551",1
"i-0ccde8eddc5bde2a7",1
"i-0ccfeb979423442c1",1
"i-0cd1181b7a404ee96",1
"i-0cd16fa0cd55df7fc",1
"i-0cd91c3f4d42b0f7e",1
"i-0cdbfb5883072051c",1
"i-0cdc1b6c4665dc616",1
"i-0cdfb33640738d330",1
"i-0ce1a3b4a9252d286",1
"i-0ce336955b12a6beb",1
"i-0ce3fb1a73481736f",1
"i-0ce6a8fa7b21492c9",1
"i-0cea086904915144d",1
"i-0cf11d51b0d4cd698",1
"i-0cf3ddcc7486936a5",1
"i-0cf974f95b7c45145",1
"i-0cfa07903a57210fe",1
"i-0cfaab9a5e5640311",1
"i-0cfc84dcbd786eb9a",1
"i-0cfc99432bf7cc426",1
"i-0cfd1738385a4f275",1
"i-0cfe57acf5abbbbc6",1
"i-0cfea594a0e4a68ad",1
"i-0cff473ed46fd5b91",1
"i-0cff492c9c5e2fcd1",1
"i-0cff9f717fd7c7df6",1
"i-0d02b79361ffd66ac",1
"i-0d02c2cb2125a2fa9",1
"i-0d0597b02d926c3e7",1
"i-0d05b80682d250bd4",1
"i-0d13944af5951ce10",1
"i-0d15b2c522c2fff65",1
"i-0d1791b8fd713ffa6",1
"i-0d192e55acb13bc77",1
"i-0d1a563eba83d07e6",1
"i-0d1b17b43b8577e76",1
"i-0d1ba2d59277cf84d",1
"i-0d1e1f96ecbdc47cf",1
"i-0d1f0e4a821ddbd11",1
"i-0d20a886bd206130d",1
"i-0d21068f080276a3d",1
"i-0d222b7c2c1aa6179",1
"i-0d2422d1973a5878e",1
"i-0d262d6c4a3a211af",1
"i-0d26dc0f4443229d2",1
"i-0d284c3ba8a38c0f9",1
"i-0d2be2c850eb2718d",1
"i-0d2cdab44554e4aad",1
"i-0d2e73b45ae575aa1",1
"i-0d2e996ce2d5fbe8f",1
"i-0d2fa030994b57c96",1
"i-0d31c2c25ab0c07a2",1
"i-0d31e4f94a1c90ea6",1
"i-0d34e32be66e7bdc5",1
"i-0d39605c7c5e947c1",1
"i-0d3b6ea3623bcc1cf",1
"i-0d3c114bdcce4841e",1
"i-0d3c610df8d787a3f",1
"i-0d3c67b34e53716ba",1
"i-0d3c73c615bbab803",1
"i-0d3f8df9000b39753",1
"i-0d41e975953376416",1
"i-0d43a5861a79bd2b3",1
"i-0d440b125e8b606b6",1
"i-0d446abd38dd95b0e",1
"i-0d45f1e99f9d50d19",1
"i-0d46b5b091f3b0fce",1
"i-0d473c5229a3bf0b6",1
"i-0d47555f02f5c2d12",1
"i-0d48f0029519add95",1
"i-0d49938dbc70c9ab3",1
"i-0d4a49023c3ce5b0c",1
"i-0d4b30d29d9132c36",1
"i-0d4be0e788e6dc8a3",1
"i-0d4fde8130e7d0770",1
"i-0d4ffec2e94ae3628",1
"i-0d5117e98e21de55a",1
"i-0d5142e9823b8cd2a",1
"i-0d52256a08ae7c397",1
"i-0d53c694cea151d72",1
"i-0d551b3d9501f7e3d",1
"i-0d5b90a1a9f72a228",1
"i-0d61277bd83b35f86",1
"i-0d622478f8dd5544e",1
"i-0d632977894958dd4",1
"i-0d6487e4a4daf74f1",1
"i-0d6625396ee95cbba",1
"i-0d678b3a4f290f5a8",1
"i-0d68154239abf19b7",1
"i-0d683cff74e3d01ad",1
"i-0d6a1f9378ffa33df",1
"i-0d6d63471abee9d9f",1
"i-0d6d8b6ea3d0d2232",1
"i-0d6ef2d2bf8390fa3",1
"i-0d7359b55dbff89bd",1
"i-0d762370fac66d859",1
"i-0d78586a23b470df3",1
"i-0d7c1cba480f479e3",1
"i-0d7e276254e9dea1d",1
"i-0d7ebbeaea02e55ab",1
"i-0d80ebdbd20dc5c9b",1
"i-0d827e2725d1d001e",1
"i-0d86dd9bc7ff49c44",1
"i-0d8bc4f00464ff372",1
"i-0d8e8cf7418d190ea",1
"i-0d8ffb0fafbc078b1",1
"i-0d932f3b78a9c8090",1
"i-0d96ec1b2f5c8eaf9",1
"i-0d9857dcce11cf60d",1
"i-0d99491f9d2da159a",1
"i-0d9967ae408e6f311",1
"i-0d9d52838260fbf85",1
"i-0d9d886c4742275e7",1
"i-0d9dbd2527bcdf099",1
"i-0d9f29968e21231a2",1
"i-0da25a80a21189bbe",1
"i-0da2cd0faaadb0efb",1
"i-0da34b95a14ae9887",1
"i-0da3c20c5b00cdcf9",1
"i-0da4831e44746b11c",1
"i-0da63a089187b9787",1
"i-0da6e7120227768fc",1
"i-0da8826ceb7d63a61",1
"i-0daa88f4ae1039e74",1
"i-0daadb39ace5fd860",1
"i-0dab72971ac37770f",1
"i-0dabcb2306ae20c41",1
"i-0dad0578447e7acb6",1
"i-0dadcd9066f777693",1
"i-0db19a4fba9521e68",1
"i-0db395c3452ca107d",1
"i-0db3c2c0b572bde6e",1
"i-0db4507a79e45a659",1
"i-0db5beae7246ffbba",1
"i-0db810f39e61e3da1",1
"i-0dbc365e15b7d7b39",1
"i-0dbc3f235814f0613",1
"i-0dbd16aab2d141ab2",1
"i-0dbdd3aed02aa5406",1
"i-0dc14d774e3b33d0b",1
"i-0dc1e6d70a14c02ae",1
"i-0dc2a8e00f7a56a0f",1
"i-0dc36dbb8730f500c",1
"i-0dc3702f1898d61e4",1
"i-0dc6176f453f34701",1
"i-0dc6f62f18804f9a7",1
"i-0dcb7f4aea36da406",1
"i-0dceb486e28324fb7",1
"i-0dcf9c2b2b52700e5",1
"i-0dd1e738f845ca162",1
"i-0dd38dd5798ae91b7",1
"i-0dd63a4c9348808e1",1
"i-0dd7df14554fbff23",1
"i-0dd8a61db30a16408",1
"i-0dd92890b1fff6b38",1
"i-0dda3ae2191a6c58d",1
"i-0ddcaedbaf6d7723a",1
"i-0ddd6b235309f5f02",1
"i-0dddfc03aee5cc084",1
"i-0ddf3162261f33325",1
"i-0de4b2288759c8a1a",1
"i-0de610fa48a96b3a1",1
"i-0de6557747eac777d",1
"i-0de97e9fb855ec6e4",1
"i-0de9f33a7e173eac8",1
"i-0deab8fc378ffd7bd",1
"i-0deb2815b5f5af890",1
"i-0deda4a1d18458851",1
"i-0def02ee0da4aabfa",1
"i-0df2a36202fea92b7",1
"i-0df4ca40ecd89414a",1
"i-0df5b9f3a05d1bd11",1
"i-0df5c8ccc9ff4d70a",1
"i-0df7d1f401a63bade",1
"i-0df86da3c582fbab2",1
"i-0df8e3bd0190460a0",1
"i-0df9a0ae019f3b943",1
"i-0dfa775ff739dc40f",1
"i-0e020b0d830956c23",1
"i-0e034a19cc62b8142",1
"i-0e042199fe9f74e1c",1
"i-0e0454c3de79d2792",1
"i-0e04ba04d3b482eb3",1
"i-0e04ca1e337ca3736",1
"i-0e05ef37fe8edf2de",1
"i-0e0757ea4b84a86ff",1
"i-0e08765526324a081",1
"i-0e0a564fbd2504e46",1
"i-0e0c402ed3785e4af",1
"i-0e0eeaa87965dc93b",1
"i-0e0ef1f1f6bb1b822",1
"i-0e0f986423aaaf2fb",1
"i-0e1007daf6e2a16ef",1
"i-0e10b23c1c71329e5",1
"i-0e16fabdf16a8c9cb",1
"i-0e18e8cfb73a35199",1
"i-0e1d17e591aa25711",1
"i-0e1f77278dc7bfda5",1
"i-0e1fe1731d8efe4c0",1
"i-0e20a0eecd84808c0",1
"i-0e219130ced2af9b1",1
"i-0e21f9d91e9d94adc",1
"i-0e220037df92a5d18",1
"i-0e2477b13859a8dcc",1
"i-0e269af8a68e6f635",1
"i-0e2b0279509edd506",1
"i-0e2b0b4d845eef065",1
"i-0e2d7d0026d8da2ea",1
"i-0e2e83173e363e0a4",1
"i-0e31115c2494c0231",1
"i-0e316275b96e56fab",1
"i-0e3268b1faba9d6cf",1
"i-0e354754420bf4ff6",1
"i-0e37ac10944601f97",1
"i-0e37cdd876ade67df",1
"i-0e3d22319ebe7ec00",1
"i-0e3d3deb495c63258",1
"i-0e3fc5e64107593a1",1
"i-0e462b0564e0ea3cb",1
"i-0e493c00e2ae3c43b",1
"i-0e4ba5f31c682c309",1
"i-0e4bac877b9712228",1
"i-0e4fb8adf96014087",1
"i-0e4ff8b75e8c11ef0",1
"i-0e5145a006aad9527",1
"i-0e51cbba7a365ab9d",1
"i-0e56c6ee9bbca9693",1
"i-0e5890160dfd45a01",1
"i-0e5940ec1125deb32",1
"i-0e5aaee2396abfa8d",1
"i-0e5cc1577088702ee",1
"i-0e5f07712be9d831f",1
"i-0e6399b445bf704fd",1
"i-0e669e00d13d78ce5",1
"i-0e684e3a53f8ec346",1
"i-0e6999fdc7b00e1ea",1
"i-0e69a352143a10591",1
"i-0e69c0102f95c6574",1
"i-0e69fc8f3ba893e33",1
"i-0e6f0e0745fde439f",1
"i-0e703d17a888cb454",1
"i-0e71e84ee7713e367",1
"i-0e74addec9ecd0e82",1
"i-0e7cfa7834eba1f0b",1
"i-0e7d714916ebbad28",1
"i-0e7df1893b048d9ba",1
"i-0e80e1e4d1344c6e8",1
"i-0e825f5aded238a30",1
"i-0e8261a93965369a2",1
"i-0e8568868855957bf",1
"i-0e862dcc098b8dcde",1
"i-0e89393e8671eec43",1
"i-0e89c35195be33560",1
"i-0e89d5243e5096db3",1
"i-0e8b1b9d6b8f7ead8",1
"i-0e8c48448114f8d1e",1
"i-0e8d2d54c772acb89",1
"i-0e8e1a2ecc08f5b27",1
"i-0e90f590235582a7c",1
"i-0e928d46005de5c62",1
"i-0e932597d02118804",1
"i-0e946a3728c966176",1
"i-0e957d7d7ce96acdd",1
"i-0e959398ef1dbe976",1
"i-0e9b1804af5c83235",1
"i-0e9cec0b2a2563ab3",1
"i-0ea09ce8371d847c2",1
"i-0ea3519ea5aa79d22",1
"i-0ea367ccc321ae54a",1
"i-0ea6d1d3911150ad5",1
"i-0ea7dc7af1d841899",1
"i-0ead334f81ed7f0c9",1
"i-0eafd76b7974793ef",1
"i-0eb00fc0a3de3a91a",1
"i-0eb010f19442accc6",1
"i-0eb07e513ed21f354",1
"i-0eb380b8f54ca59a6",1
"i-0eb51e8b557ae5ecc",1
"i-0eb58895ce18d5e28",1
"i-0eb68c4caa330c220",1
"i-0ebae1383de5e5ca9",1
"i-0ebae6a626a1f383a",1
"i-0ebb06f1887172608",1
"i-0ebc778db2c3149c9",1
"i-0ebce42506259f8cb",1
"i-0ebd9725383d960d8",1
"i-0ec0499a1f7290f7e",1
"i-0ec1288ea07bbef36",1
"i-0ec334534b58e1a5c",1
"i-0ec536c04d457d52a",1
"i-0ec7ba6dea08ca633",1
"i-0ec7d5a62b7c05881",1
"i-0ecbb5c265b740518",1
"i-0eccfd3869860e7dd",1
"i-0ecfda1a5971d5c99",1
"i-0ed28cd839f636650",1
"i-0ed3b08ace874adf5",1
"i-0ed57551d19b4e310",1
"i-0ed5b4a5a5c30bb2f",1
"i-0ed62941de045009e",1
"i-0ed6a6a4a941f9efa",1
"i-0ed8d2b50cf7b8631",1
"i-0edee0e1fafb0bf8a",1
"i-0ee06b19ca431d187",1
"i-0ee466711e5c605bc",1
"i-0ee4d8c90aee6d26b",1
"i-0ee5974fe9d1d3c32",1
"i-0ee725e403853904c",1
"i-0eed3e54878280ec7",1
"i-0ef22cddf82eb2fdb",1
"i-0ef2a39655c83d1e8",1
"i-0ef391cded08b56b3",1
"i-0ef4853bcefc4b7f8",1
"i-0ef73992044dbbb50",1
"i-0ef783d3b97803fd9",1
"i-0ef999ff76febce02",1
"i-0ef9f527be11f33be",1
"i-0efab40c51d1f39c1",1
"i-0efc9895483e6ad93",1
"i-0efd2a16c4cd5e5e0",1
"i-0f066224bee657fd4",1
"i-0f078aa34b64382c0",1
"i-0f087b6923f4f1a99",1
"i-0f0b8817436f7b1ca",1
"i-0f0e52d4c8c838554",1
"i-0f175a327b4a33336",1
"i-0f178e7b505e3b410",1
"i-0f17f76e66a081702",1
"i-0f1b77b46d308426c",1
"i-0f1f9c5c17b4b89c1",1
"i-0f201f89b9222e386",1
"i-0f219006779d09683",1
"i-0f236180f3c855cb0",1
"i-0f24c870bf23bbc02",1
"i-0f25d7a1dd58fe08b",1
"i-0f2670b769e954293",1
"i-0f28c846d7f2437c8",1
"i-0f29a0d1b4d97d59f",1
"i-0f2d5488a15b49b60",1
"i-0f3051dcb6fd3ef56",1
"i-0f30d3aa7db983a79",1
"i-0f3406c668b17586f",1
"i-0f35093de0352359b",1
"i-0f35265cc8210e205",1
"i-0f375651505ba6b40",1
"i-0f375fe42216a8d0b",1
"i-0f37acbb2075e18d9",1
"i-0f385fa1f29acf145",1
"i-0f389d54717502400",1
"i-0f38f33eb08edf7b0",1
"i-0f3abeb889ef412f6",1
"i-0f3c616686b61f973",1
"i-0f3e2dc280d23a32a",1
"i-0f3f734e472f93640",1
"i-0f42086cf52b42f7f",1
"i-0f43752a6f5258bb2",1
"i-0f45038b2c148bd88",1
"i-0f46539f6cd2627e2",1
"i-0f4beb46d6b5b5cac",1
"i-0f4d376989c4f8881",1
"i-0f4e7c3e650e06e2a",1
"i-0f5178181476f1e05",1
"i-0f539bbd87229e64c",1
"i-0f57f9e2e661cef1f",1
"i-0f5a6d7e64620976d",1
"i-0f5b8bded5565f852",1
"i-0f5bdd23809da6c4c",1
"i-0f5d0ae3bc2169773",1
"i-0f5d17df1e2a2adcb",1
"i-0f5e50a66bf0fc1c8",1
"i-0f67f27a1ab57b0f6",1
"i-0f69e78cec3ccfd5e",1
"i-0f6ac067e7a02977c",1
"i-0f6b449e8d71c33ce",1
"i-0f6f241f7578428b3",1
"i-0f71e94393acfc1ff",1
"i-0f7300e279da5e62c",1
"i-0f73e05b8eacb8228",1
"i-0f77446f264123704",1
"i-0f779002e22b650d0",1
"i-0f79d4a22b42bb20f",1
"i-0f867605d451b6e9f",1
"i-0f86a16d7e58f1d90",1
"i-0f8a148aa90af5532",1
"i-0f8cbc75b69b9cc8a",1
"i-0f8e3a7a5f6bbd036",1
"i-0f8f4a5df048fd3f0",1
"i-0f90962c662ddf2b6",1
"i-0f911429d642ce6d2",1
"i-0f919be064dc83659",1
"i-0f921e974ee5aae85",1
"i-0f92a324100c97c1d",1
"i-0f964eb3bb0ede3f6",1
"i-0f9a8f5ba5b7dc667",1
"i-0f9d42a2acdf7e58e",1
"i-0f9dc9095a6998a29",1
"i-0f9e5af7248de968f",1
"i-0fa1afebe4a6fe833",1
"i-0fa1c9338143ab081",1
"i-0fa2aa87c531b30f4",1
"i-0fa36a5a38076b11e",1
"i-0fa6df2090b26b76c",1
"i-0fa7a76051bd0628a",1
"i-0fa7bdaa9e6578105",1
"i-0fa7d25fb04f041f0",1
"i-0fa9224be64b535c9",1
"i-0faa427aaf22ba7a1",1
"i-0faba2d18ef1a66ea",1
"i-0fabcd2ccdc106c7e",1
"i-0fadca3cb6db364e2",1
"i-0faec20a87053c34e",1
"i-0faed162906625528",1
"i-0fb7086feb427733e",1
"i-0fb7d05e9a4116db4",1
"i-0fb96f16dac5d0509",1
"i-0fbba2df170c209de",1
"i-0fbbe886c700d79b1",1
"i-0fbe05a05cce48966",1
"i-0fbfc0a4e80ed460b",1
"i-0fc2d7f6e96832472",1
"i-0fc3845e3a40d26d3",1
"i-0fc396d8629a17127",1
"i-0fc507bd6f9d22b47",1
"i-0fc659d056e8d04de",1
"i-0fc8469ec2d84a7f8",1
"i-0fc926cd3a9a03991",1
"i-0fca519c8ab6f0f4e",1
"i-0fcbccb063be4ceac",1
"i-0fcde5984bdb76f4a",1
"i-0fcec2666680374f9",1
"i-0fcf95d8f670a1150",1
"i-0fd00fd2ef4d851bc",1
"i-0fd06e9be10538738",1
"i-0fd0eebca6060a604",1
"i-0fd4f929e1291b615",1
"i-0fd8d1975291a250b",1
"i-0fdbb1b78f92678db",1
"i-0fdc72d56eef22745",1
"i-0fdcd5a3021fefcd0",1
"i-0fe10a681a1ca2d04",1
"i-0fe37ef4bd31b94cd",1
"i-0fe497bbd53feb479",1
"i-0fe5a65da6cbfcbac",1
"i-0fe6c1a8fb9f8ec30",1
"i-0fe832d8c61ec2b6b",1
"i-0fe8f578127ad1c89",1
"i-0fe9bd563a9d95827",1
"i-0feb00b80202a85c1",1
"i-0fec93f58cc9c2329",1
"i-0fed317e2ed28f86c",1
"i-0fed412ba16b4c5a8",1
"i-0fed65777e0abaee0",1
"i-0fedb9516a082ef68",1
"i-0feed4ce0b00cd1c8",1
"i-0fef02fa88501f2ff",1
"i-0ff41786e21bf7985",1
"i-0ff4780517b9bdc04",1
"i-0ff4c6bcec710684f",1
"i-0ff506b622af76303",1
"i-0ff566243f4ec63e3",1
"i-0ff7dc8570d388382",1
"i-0ff84cd882b237ce7",1
"i-0ff9717e46bdfa7fb",1
"i-0ffa07aa807e2ed8c",1
"i-0ffd394ba8fc50017",1
"i-0ffe30aeebdcfee77",1
